seed,random,grouped,contamination
698843271,0.8907563025210085,0.7801724137931034,0.41596638655462187
1791653617,0.8697478991596639,0.8296943231441049,0.38235294117647056
493240704,0.8445378151260504,0.8277310924369747,0.3067226890756303
613678182,0.8487394957983193,0.7510373443983402,0.35294117647058826
370267345,0.8739495798319328,0.8111587982832618,0.3865546218487395
156269147,0.8529411764705882,0.7682403433476395,0.3319327731092437
835823359,0.8361344537815126,0.7669491525423728,0.35714285714285715
143124570,0.8445378151260504,0.7791666666666667,0.37815126050420167
593530112,0.8361344537815126,0.8,0.35714285714285715
1955547732,0.8319327731092437,0.8145161290322581,0.35714285714285715
1299633696,0.8403361344537815,0.78099173553719,0.31512605042016806
1319945545,0.8445378151260504,0.8099173553719008,0.3949579831932773
951527159,0.8991596638655462,0.8117154811715481,0.3739495798319328
533277282,0.8907563025210085,0.7701612903225806,0.3487394957983193
1844529903,0.8739495798319328,0.74235807860262,0.3907563025210084
337779951,0.9033613445378151,0.7672413793103449,0.39915966386554624
1605697108,0.8823529411764706,0.7605042016806722,0.38235294117647056
393905665,0.8949579831932774,0.8085106382978723,0.40756302521008403
1089324843,0.8529411764705882,0.7829787234042553,0.36134453781512604
1402323008,0.8445378151260504,0.7916666666666666,0.3277310924369748
156949210,0.865546218487395,0.7416666666666667,0.3445378151260504
1990994663,0.8487394957983193,0.7815126050420168,0.36134453781512604
1580573371,0.8991596638655462,0.7377777777777778,0.40756302521008403
1151273762,0.8277310924369747,0.7391304347826086,0.31512605042016806
813885346,0.9201680672268907,0.7773109243697479,0.3403361344537815
707837483,0.8529411764705882,0.8227848101265823,0.36134453781512604
1513453699,0.8529411764705882,0.7866108786610879,0.35714285714285715
329302885,0.8403361344537815,0.8025751072961373,0.3319327731092437
1215510387,0.8445378151260504,0.7824267782426778,0.3697478991596639
2121254660,0.8613445378151261,0.8170212765957446,0.36134453781512604
142124934,0.9033613445378151,0.7851239669421488,0.35714285714285715
1782876137,0.8529411764705882,0.8165938864628821,0.36554621848739494
1400288726,0.8907563025210085,0.7142857142857143,0.33613445378151263
248965869,0.8865546218487395,0.7951807228915663,0.42436974789915966
1166397091,0.9285714285714286,0.7649572649572649,0.36554621848739494
412440864,0.8487394957983193,0.8099173553719008,0.3697478991596639
1249029682,0.8991596638655462,0.808695652173913,0.38235294117647056
1552749702,0.8991596638655462,0.8227848101265823,0.3949579831932773
679348496,0.8487394957983193,0.8059071729957806,0.3949579831932773
1048923416,0.9033613445378151,0.7983539094650206,0.41596638655462187
2145517570,0.8823529411764706,0.803347280334728,0.39915966386554624
692948886,0.8697478991596639,0.816,0.36554621848739494
381359917,0.8823529411764706,0.7654320987654321,0.35294117647058826
386665897,0.8991596638655462,0.8143459915611815,0.36554621848739494
1128844424,0.865546218487395,0.7918367346938775,0.3697478991596639
1506001768,0.9117647058823529,0.7958333333333333,0.4327731092436975
728785454,0.8991596638655462,0.7418032786885246,0.3487394957983193
1249880050,0.865546218487395,0.7644628099173554,0.38235294117647056
372853081,0.8907563025210085,0.7925311203319502,0.42436974789915966
2100356171,0.865546218487395,0.7448559670781894,0.3865546218487395
1527385356,0.8529411764705882,0.8034934497816594,0.36554621848739494
2079874157,0.8781512605042017,0.7875,0.3697478991596639
1078366534,0.8781512605042017,0.7792207792207793,0.38235294117647056
1061195275,0.8781512605042017,0.7291666666666666,0.3445378151260504
1287232119,0.865546218487395,0.7966101694915254,0.3949579831932773
763552511,0.8067226890756303,0.8208333333333333,0.3445378151260504
656499585,0.8823529411764706,0.8271604938271605,0.35294117647058826
1900277080,0.8907563025210085,0.8057851239669421,0.3487394957983193
1783173823,0.8445378151260504,0.8211382113821138,0.36134453781512604
487784854,0.8487394957983193,0.7615062761506276,0.35294117647058826
1770968334,0.8571428571428571,0.8174273858921162,0.3865546218487395
287868995,0.8571428571428571,0.7958333333333333,0.3697478991596639
2098831143,0.8571428571428571,0.7551867219917012,0.40336134453781514
2126050261,0.8865546218487395,0.7974137931034483,0.35294117647058826
1948384257,0.8739495798319328,0.8201754385964912,0.35294117647058826
1418454448,0.8445378151260504,0.7851239669421488,0.3403361344537815
1054775224,0.8319327731092437,0.7590361445783133,0.33613445378151263
1463816757,0.865546218487395,0.8089430894308943,0.35294117647058826
1593675581,0.8403361344537815,0.7355371900826446,0.35714285714285715
799733665,0.9201680672268907,0.8122448979591836,0.38235294117647056
1843054196,0.8907563025210085,0.8085106382978723,0.37815126050420167
353984068,0.865546218487395,0.7975708502024291,0.3739495798319328
1750615352,0.819327731092437,0.7862903225806451,0.35294117647058826
360187555,0.8487394957983193,0.8291666666666667,0.35714285714285715
279705469,0.8949579831932774,0.759656652360515,0.37815126050420167
1210164804,0.8865546218487395,0.8291666666666667,0.39915966386554624
1477281101,0.8613445378151261,0.7805907172995781,0.36134453781512604
1122277455,0.7983193277310925,0.8042553191489362,0.3403361344537815
1881193406,0.8865546218487395,0.8,0.31932773109243695
1130839594,0.8319327731092437,0.7456896551724138,0.3235294117647059
234935008,0.8697478991596639,0.7833333333333333,0.3319327731092437
57845001,0.8739495798319328,0.8270042194092827,0.33613445378151263
1824463097,0.8697478991596639,0.7755102040816326,0.36554621848739494
986807428,0.8361344537815126,0.7942386831275721,0.3739495798319328
1230302164,0.8865546218487395,0.7950819672131147,0.4117647058823529
1423898005,0.8613445378151261,0.7813765182186235,0.40756302521008403
1973404817,0.8781512605042017,0.7575757575757576,0.3403361344537815
886792422,0.8529411764705882,0.8393574297188755,0.3907563025210084
524437858,0.8949579831932774,0.7966101694915254,0.4327731092436975
2111427778,0.865546218487395,0.8626609442060086,0.36554621848739494
1143266066,0.8361344537815126,0.7510373443983402,0.3865546218487395
520155717,0.865546218487395,0.7551020408163265,0.3865546218487395
1570976675,0.8781512605042017,0.831275720164609,0.3445378151260504
47389880,0.8487394957983193,0.7605042016806722,0.3319327731092437
1856805586,0.8277310924369747,0.7942386831275721,0.3445378151260504
333143030,0.8613445378151261,0.7682403433476395,0.3739495798319328
1641657465,0.8487394957983193,0.7907949790794979,0.3739495798319328
1140918586,0.8487394957983193,0.7647058823529411,0.3487394957983193
1500466889,0.865546218487395,0.7689075630252101,0.29831932773109243
1780940307,0.8361344537815126,0.7916666666666666,0.35294117647058826
1711696198,0.8739495798319328,0.8461538461538461,0.35294117647058826
1326055937,0.8445378151260504,0.7942386831275721,0.35294117647058826
17462500,0.8781512605042017,0.7892561983471075,0.3907563025210084
2102715721,0.8781512605042017,0.7510373443983402,0.33613445378151263
2052392117,0.8697478991596639,0.8140495867768595,0.3739495798319328
4553630,0.8991596638655462,0.8032786885245902,0.35294117647058826
540622383,0.8529411764705882,0.8085106382978723,0.35714285714285715
920543739,0.8361344537815126,0.8412017167381974,0.39915966386554624
1886087851,0.8445378151260504,0.7804878048780488,0.33613445378151263
1638252046,0.8487394957983193,0.8252032520325203,0.3319327731092437
1185246075,0.865546218487395,0.7637130801687764,0.3697478991596639
350223570,0.8781512605042017,0.7702127659574468,0.3277310924369748
792482140,0.8739495798319328,0.7801724137931034,0.35714285714285715
791752010,0.865546218487395,0.7581967213114754,0.3739495798319328
396424486,0.8739495798319328,0.7974137931034483,0.3739495798319328
8854162,0.8865546218487395,0.7676348547717843,0.35294117647058826
1913000454,0.8529411764705882,0.7436974789915967,0.3319327731092437
36721787,0.8529411764705882,0.7842323651452282,0.35294117647058826
115592621,0.8529411764705882,0.7552742616033755,0.3025210084033613
241868183,0.9033613445378151,0.7863247863247863,0.3319327731092437
1343755192,0.8697478991596639,0.8559670781893004,0.39915966386554624
1015057819,0.8487394957983193,0.8114754098360656,0.3697478991596639
1951359289,0.8907563025210085,0.823045267489712,0.36134453781512604
104208179,0.8907563025210085,0.8143459915611815,0.3697478991596639
928419030,0.8865546218487395,0.7468879668049793,0.36134453781512604
561176345,0.819327731092437,0.7854077253218884,0.2857142857142857
484670045,0.8487394957983193,0.8268398268398268,0.3697478991596639
534362164,0.8865546218487395,0.8114754098360656,0.42016806722689076
233421513,0.8823529411764706,0.7899159663865546,0.3739495798319328
1454460042,0.8445378151260504,0.7807017543859649,0.35714285714285715
103769033,0.8865546218487395,0.8025210084033614,0.3319327731092437
84431613,0.8697478991596639,0.7583333333333333,0.3487394957983193
369469125,0.8571428571428571,0.7751004016064257,0.3907563025210084
1651425125,0.8865546218487395,0.7875,0.3949579831932773
1524898506,0.8739495798319328,0.7551020408163265,0.37815126050420167
878408582,0.9117647058823529,0.7418032786885246,0.3739495798319328
756597112,0.8823529411764706,0.7764227642276422,0.3487394957983193
750503008,0.8235294117647058,0.7617021276595745,0.3445378151260504
1079436288,0.8697478991596639,0.7583333333333333,0.29831932773109243
864803182,0.8403361344537815,0.763265306122449,0.3739495798319328
678896695,0.865546218487395,0.8177966101694916,0.36134453781512604
1186879765,0.8781512605042017,0.799163179916318,0.3949579831932773
2062125815,0.8907563025210085,0.8125,0.3865546218487395
1030326948,0.8865546218487395,0.7668161434977578,0.35294117647058826
1193753799,0.8781512605042017,0.7583333333333333,0.3907563025210084
312745439,0.8277310924369747,0.7759336099585062,0.3235294117647059
1927950892,0.8697478991596639,0.8471074380165289,0.3445378151260504
354207689,0.8277310924369747,0.772,0.35714285714285715
1921762059,0.8907563025210085,0.8109243697478992,0.31932773109243695
315790489,0.8991596638655462,0.7991452991452992,0.3319327731092437
277214475,0.8697478991596639,0.7754237288135594,0.40336134453781514
773877917,0.8949579831932774,0.85,0.3739495798319328
301368534,0.865546218487395,0.7965367965367965,0.3739495798319328
1437068220,0.8865546218487395,0.7833333333333333,0.36134453781512604
2053435858,0.8697478991596639,0.8042553191489362,0.35714285714285715
1118481775,0.8487394957983193,0.7824267782426778,0.3487394957983193
243021692,0.865546218487395,0.7836734693877551,0.3697478991596639
22815287,0.8739495798319328,0.7740585774058577,0.35714285714285715
1725312552,0.8487394957983193,0.7611336032388664,0.3697478991596639
394709803,0.8361344537815126,0.7755102040816326,0.37815126050420167
534129526,0.8949579831932774,0.7717842323651453,0.3403361344537815
118154545,0.8697478991596639,0.7791666666666667,0.35714285714285715
2038988206,0.8907563025210085,0.7659574468085106,0.36134453781512604
1062338532,0.9159663865546218,0.7854077253218884,0.37815126050420167
554368842,0.8529411764705882,0.7958333333333333,0.3697478991596639
2127924446,0.8697478991596639,0.8008474576271186,0.37815126050420167
1178602542,0.8949579831932774,0.799163179916318,0.3697478991596639
888174189,0.8823529411764706,0.7932489451476793,0.3025210084033613
242509716,0.8529411764705882,0.7886178861788617,0.3907563025210084
1961698358,0.8865546218487395,0.7894736842105263,0.3907563025210084
1272992118,0.8739495798319328,0.8220338983050848,0.3865546218487395
59374124,0.8991596638655462,0.799163179916318,0.3487394957983193
1917856656,0.8781512605042017,0.7866108786610879,0.3445378151260504
1698029982,0.8613445378151261,0.8067226890756303,0.3907563025210084
1034334200,0.8613445378151261,0.7796610169491526,0.36554621848739494
66199423,0.8781512605042017,0.8158995815899581,0.36134453781512604
1997466222,0.8865546218487395,0.7791666666666667,0.36134453781512604
121376839,0.8865546218487395,0.8087649402390438,0.36554621848739494
2130702841,0.8529411764705882,0.8271604938271605,0.36554621848739494
1736081903,0.8739495798319328,0.7965367965367965,0.37815126050420167
2068501578,0.8613445378151261,0.788135593220339,0.3487394957983193
1294390893,0.865546218487395,0.8154506437768241,0.42857142857142855
1660038460,0.907563025210084,0.8215767634854771,0.3487394957983193
1363611450,0.8697478991596639,0.7634854771784232,0.36554621848739494
1585433823,0.8529411764705882,0.7758620689655172,0.37815126050420167
668852678,0.8739495798319328,0.7489539748953975,0.3445378151260504
1586237306,0.865546218487395,0.8008474576271186,0.3949579831932773
1582534102,0.8739495798319328,0.7848101265822784,0.35714285714285715
1734430177,0.865546218487395,0.7692307692307693,0.3739495798319328
1318253049,0.8823529411764706,0.851528384279476,0.39915966386554624
1454353809,0.8361344537815126,0.7892561983471075,0.37815126050420167
1119311578,0.9117647058823529,0.7575757575757576,0.3907563025210084
790568255,0.8823529411764706,0.8312236286919831,0.36554621848739494
1340530909,0.8529411764705882,0.8065843621399177,0.36134453781512604
1586285802,0.8739495798319328,0.8091286307053942,0.3445378151260504
283036843,0.8277310924369747,0.803347280334728,0.3403361344537815
1716623761,0.8739495798319328,0.7901234567901234,0.3235294117647059
1736585609,0.8823529411764706,0.7868852459016393,0.42016806722689076
265669499,0.8991596638655462,0.7942386831275721,0.3445378151260504
2106707916,0.8697478991596639,0.7708333333333334,0.37815126050420167
888262545,0.8907563025210085,0.7520661157024794,0.3949579831932773
81049871,0.819327731092437,0.8102766798418972,0.3487394957983193
1079361667,0.8697478991596639,0.8016877637130801,0.3445378151260504
849051646,0.8529411764705882,0.7738095238095238,0.39915966386554624
1152013290,0.8865546218487395,0.7637130801687764,0.35714285714285715
1406946167,0.8487394957983193,0.7890295358649789,0.3277310924369748
1408550762,0.8907563025210085,0.7959183673469388,0.36554621848739494
299515287,0.8739495798319328,0.7782426778242678,0.37815126050420167
1627835366,0.8865546218487395,0.8312236286919831,0.3949579831932773
998252539,0.8319327731092437,0.7593360995850622,0.3487394957983193
740884847,0.8445378151260504,0.8151260504201681,0.3949579831932773
506436474,0.8613445378151261,0.8297872340425532,0.3487394957983193
72001738,0.8613445378151261,0.8326359832635983,0.36134453781512604
2029752240,0.8823529411764706,0.759493670886076,0.33613445378151263
1374149609,0.8319327731092437,0.8340248962655602,0.3697478991596639
950191007,0.8781512605042017,0.7689075630252101,0.37815126050420167
627828043,0.8613445378151261,0.7890295358649789,0.3949579831932773
532729051,0.907563025210084,0.834061135371179,0.39915966386554624
1189916378,0.865546218487395,0.7136563876651982,0.3319327731092437
1794500272,0.8781512605042017,0.7629310344827587,0.38235294117647056
332573650,0.8571428571428571,0.854251012145749,0.35294117647058826
1391158912,0.8529411764705882,0.7991452991452992,0.3403361344537815
839303032,0.865546218487395,0.7213114754098361,0.3739495798319328
1536453817,0.8823529411764706,0.7947598253275109,0.3697478991596639
70096781,0.8487394957983193,0.7949790794979079,0.37815126050420167
1906886291,0.8697478991596639,0.8099173553719008,0.3235294117647059
1126224774,0.865546218487395,0.7404255319148936,0.40756302521008403
435817167,0.8403361344537815,0.8106995884773662,0.3487394957983193
766431470,0.865546218487395,0.7850877192982456,0.36554621848739494
1148030822,0.865546218487395,0.8200836820083682,0.3319327731092437
562859874,0.8739495798319328,0.8305084745762712,0.31512605042016806
192310379,0.8781512605042017,0.8049792531120332,0.3697478991596639
35482365,0.8613445378151261,0.8112449799196787,0.3907563025210084
584129290,0.8697478991596639,0.7918367346938775,0.35294117647058826
1966199335,0.8529411764705882,0.7449392712550608,0.40336134453781514
546991807,0.8403361344537815,0.7531914893617021,0.38235294117647056
1786913346,0.8781512605042017,0.768595041322314,0.3319327731092437
866053685,0.8697478991596639,0.7759336099585062,0.35714285714285715
450391046,0.8571428571428571,0.776,0.3907563025210084
603469045,0.8361344537815126,0.7721518987341772,0.35294117647058826
1183297255,0.8697478991596639,0.8,0.31512605042016806
871227286,0.8529411764705882,0.7244094488188977,0.3907563025210084
1402435601,0.8781512605042017,0.7253218884120172,0.3487394957983193
1183883141,0.8529411764705882,0.8163265306122449,0.3487394957983193
304884780,0.8445378151260504,0.7622950819672131,0.39915966386554624
926247806,0.865546218487395,0.7905982905982906,0.3697478991596639
753789091,0.8781512605042017,0.7886178861788617,0.3739495798319328
1313598646,0.8529411764705882,0.7368421052631579,0.35294117647058826
1292770478,0.8487394957983193,0.773109243697479,0.36554621848739494
340720469,0.8613445378151261,0.7872340425531915,0.40756302521008403
247259338,0.8865546218487395,0.8571428571428571,0.35294117647058826
1168536995,0.8823529411764706,0.7951807228915663,0.37815126050420167
1072466540,0.8613445378151261,0.7782426778242678,0.35294117647058826
841217608,0.8445378151260504,0.8375,0.3739495798319328
1411656602,0.8823529411764706,0.809322033898305,0.38235294117647056
596053354,0.8529411764705882,0.7705627705627706,0.3487394957983193
694040702,0.8781512605042017,0.8016877637130801,0.40756302521008403
976600590,0.8529411764705882,0.7046413502109705,0.3403361344537815
972449552,0.865546218487395,0.8106995884773662,0.36554621848739494
1063375252,0.8697478991596639,0.7364016736401674,0.35294117647058826
1334191430,0.7815126050420168,0.7903225806451613,0.3319327731092437
332351684,0.8823529411764706,0.8034934497816594,0.3865546218487395
2138777173,0.8571428571428571,0.7773109243697479,0.33613445378151263
414781028,0.8613445378151261,0.809322033898305,0.3445378151260504
583251107,0.8613445378151261,0.7773109243697479,0.35714285714285715
933138757,0.8781512605042017,0.7717842323651453,0.3907563025210084
290270235,0.8613445378151261,0.8122270742358079,0.3403361344537815
23709836,0.8571428571428571,0.7383966244725738,0.39915966386554624
1636153285,0.8739495798319328,0.7682403433476395,0.3319327731092437
450430834,0.8949579831932774,0.8218623481781376,0.40756302521008403
1780142852,0.8823529411764706,0.7851239669421488,0.35294117647058826
2104236961,0.8571428571428571,0.8319672131147541,0.3697478991596639
1042773959,0.8739495798319328,0.7791164658634538,0.36134453781512604
731042537,0.8949579831932774,0.7375,0.3739495798319328
1962642749,0.8823529411764706,0.7573221757322176,0.38235294117647056
903160832,0.8361344537815126,0.7649572649572649,0.3487394957983193
2046362233,0.865546218487395,0.8135593220338984,0.37815126050420167
1570685397,0.8613445378151261,0.7833333333333333,0.3403361344537815
102414484,0.8781512605042017,0.7896995708154506,0.37815126050420167
1292519607,0.8487394957983193,0.7736625514403292,0.3235294117647059
745657169,0.8697478991596639,0.8127659574468085,0.3739495798319328
30211543,0.8865546218487395,0.7625,0.3865546218487395
1528545197,0.8529411764705882,0.7848101265822784,0.35714285714285715
1029485465,0.9033613445378151,0.8008298755186722,0.36134453781512604
1713209629,0.8865546218487395,0.782608695652174,0.3025210084033613
1541382836,0.8865546218487395,0.7796610169491526,0.3235294117647059
1123652359,0.8781512605042017,0.7708333333333334,0.38235294117647056
294050347,0.8403361344537815,0.7824267782426778,0.38235294117647056
1361399685,0.8361344537815126,0.7842323651452282,0.3235294117647059
1475484617,0.8571428571428571,0.7860082304526749,0.36554621848739494
1768350784,0.9033613445378151,0.7629310344827587,0.35714285714285715
915802403,0.8487394957983193,0.7838983050847458,0.36554621848739494
692184321,0.8403361344537815,0.7851239669421488,0.35714285714285715
167787019,0.8991596638655462,0.8614718614718615,0.37815126050420167
720906646,0.8865546218487395,0.8451882845188284,0.31512605042016806
98112580,0.8571428571428571,0.8130081300813008,0.4117647058823529
1051171143,0.8739495798319328,0.8268398268398268,0.3487394957983193
323820950,0.8991596638655462,0.7918367346938775,0.36554621848739494
1253181732,0.8739495798319328,0.7958333333333333,0.35294117647058826
980306635,0.8697478991596639,0.7899159663865546,0.3865546218487395
1808309256,0.865546218487395,0.7773109243697479,0.38235294117647056
1666376185,0.8697478991596639,0.7606837606837606,0.38235294117647056
1819457324,0.8571428571428571,0.7759336099585062,0.37815126050420167
479942422,0.8739495798319328,0.7991803278688525,0.35294117647058826
1944876172,0.8613445378151261,0.7478260869565218,0.3865546218487395
476650770,0.8361344537815126,0.726890756302521,0.3739495798319328
1679678491,0.9201680672268907,0.7682926829268293,0.4369747899159664
1917145040,0.8613445378151261,0.7439024390243902,0.3235294117647059
1860425699,0.8865546218487395,0.8326359832635983,0.36134453781512604
444488501,0.8235294117647058,0.7130434782608696,0.33613445378151263
640425698,0.8403361344537815,0.7112970711297071,0.33613445378151263
1480668476,0.907563025210084,0.809322033898305,0.37815126050420167
1278484628,0.865546218487395,0.8495575221238938,0.3697478991596639
936391627,0.8697478991596639,0.8049792531120332,0.35714285714285715
1793945627,0.8529411764705882,0.7782258064516129,0.36134453781512604
5698259,0.9033613445378151,0.7857142857142857,0.36134453781512604
1320811065,0.8529411764705882,0.7975708502024291,0.42016806722689076
45755345,0.8697478991596639,0.78,0.3277310924369748
1052523138,0.8739495798319328,0.7958333333333333,0.35294117647058826
582558164,0.8991596638655462,0.8097165991902834,0.36554621848739494
1741023205,0.8445378151260504,0.7605042016806722,0.38235294117647056
2034983024,0.8823529411764706,0.8312236286919831,0.3697478991596639
297573082,0.8781512605042017,0.729957805907173,0.35714285714285715
1501856497,0.8529411764705882,0.7573221757322176,0.3319327731092437
353590483,0.8781512605042017,0.7791666666666667,0.39915966386554624
151898374,0.865546218487395,0.7811158798283262,0.3739495798319328
930831061,0.8697478991596639,0.7869565217391304,0.36134453781512604
1421661665,0.8781512605042017,0.757201646090535,0.3445378151260504
237329221,0.8529411764705882,0.7850877192982456,0.31932773109243695
1244344816,0.8613445378151261,0.8289473684210527,0.3277310924369748
220763390,0.8865546218487395,0.8065843621399177,0.38235294117647056
873437290,0.8529411764705882,0.768595041322314,0.37815126050420167
2074377956,0.8319327731092437,0.7575757575757576,0.31932773109243695
399037795,0.865546218487395,0.7942386831275721,0.3697478991596639
885881171,0.8823529411764706,0.7339055793991416,0.3403361344537815
1124905025,0.8487394957983193,0.773109243697479,0.3697478991596639
1945630487,0.8529411764705882,0.7583333333333333,0.3949579831932773
1072312721,0.8697478991596639,0.7877551020408163,0.3235294117647059
700960641,0.8739495798319328,0.8145161290322581,0.3403361344537815
1242205791,0.8697478991596639,0.8109243697478992,0.3949579831932773
709206213,0.8991596638655462,0.8089430894308943,0.3697478991596639
150792631,0.8865546218487395,0.7804878048780488,0.39915966386554624
81917935,0.8529411764705882,0.7932489451476793,0.35714285714285715
1423531748,0.8529411764705882,0.8174273858921162,0.36554621848739494
1410148909,0.8613445378151261,0.8451882845188284,0.3487394957983193
2127196113,0.9033613445378151,0.7982832618025751,0.3907563025210084
85640236,0.907563025210084,0.8049792531120332,0.3907563025210084
593616932,0.8823529411764706,0.7695473251028807,0.35294117647058826
1036118977,0.8823529411764706,0.7740585774058577,0.35714285714285715
1838822385,0.865546218487395,0.759493670886076,0.3235294117647059
1773174734,0.8697478991596639,0.7831858407079646,0.3697478991596639
2029477594,0.8781512605042017,0.7782258064516129,0.35294117647058826
1116356394,0.8823529411764706,0.8527131782945736,0.40756302521008403
333262566,0.8907563025210085,0.8138528138528138,0.40756302521008403
43121463,0.8613445378151261,0.7951807228915663,0.3487394957983193
1168234388,0.8823529411764706,0.7639484978540773,0.40336134453781514
58782912,0.8613445378151261,0.7575757575757576,0.35714285714285715
747706778,0.8571428571428571,0.7639484978540773,0.3865546218487395
652636424,0.8907563025210085,0.7692307692307693,0.4327731092436975
557379365,0.8025210084033614,0.7584745762711864,0.36554621848739494
35038454,0.8529411764705882,0.825,0.37815126050420167
1307094579,0.8781512605042017,0.7878787878787878,0.4117647058823529
641328687,0.8781512605042017,0.8319672131147541,0.33613445378151263
1029967937,0.8445378151260504,0.8085106382978723,0.36554621848739494
1276927708,0.8319327731092437,0.8158995815899581,0.3445378151260504
1842915955,0.865546218487395,0.8140495867768595,0.38235294117647056
99494448,0.8613445378151261,0.8200836820083682,0.35714285714285715
1818176082,0.8739495798319328,0.7735042735042735,0.3949579831932773
627770123,0.865546218487395,0.7848101265822784,0.37815126050420167
1822686936,0.8529411764705882,0.7324561403508771,0.36134453781512604
449510988,0.8697478991596639,0.7458333333333333,0.38235294117647056
654710547,0.8907563025210085,0.8158995815899581,0.3907563025210084
2052944477,0.8739495798319328,0.7860082304526749,0.35294117647058826
1745940059,0.8613445378151261,0.7426160337552743,0.40336134453781514
1337746162,0.8739495798319328,0.8068669527896996,0.33613445378151263
1616859554,0.8697478991596639,0.809322033898305,0.35294117647058826
2018558960,0.907563025210084,0.812,0.41596638655462187
1521566634,0.8823529411764706,0.7860262008733624,0.3949579831932773
1156354970,0.8403361344537815,0.7394957983193278,0.3235294117647059
635497189,0.8319327731092437,0.8081632653061225,0.31512605042016806
689506969,0.8865546218487395,0.7883817427385892,0.36134453781512604
909498462,0.8571428571428571,0.7540322580645161,0.3865546218487395
1481494771,0.8445378151260504,0.7729083665338645,0.36554621848739494
856436449,0.8739495798319328,0.825531914893617,0.3865546218487395
2117476630,0.8823529411764706,0.8189300411522634,0.3907563025210084
719945938,0.9033613445378151,0.7583333333333333,0.38235294117647056
1315903881,0.8613445378151261,0.7656903765690377,0.38235294117647056
1416542619,0.865546218487395,0.819327731092437,0.35714285714285715
1748300020,0.8739495798319328,0.8347826086956521,0.3487394957983193
534436561,0.8403361344537815,0.7777777777777778,0.35714285714285715
1973057460,0.8781512605042017,0.8076923076923077,0.35714285714285715
109077341,0.8781512605042017,0.7848101265822784,0.31932773109243695
1933252443,0.8739495798319328,0.8008474576271186,0.37815126050420167
1073942744,0.8739495798319328,0.8197424892703863,0.36554621848739494
1170645904,0.907563025210084,0.7787234042553192,0.40336134453781514
1864124409,0.907563025210084,0.8189655172413793,0.39915966386554624
85160275,0.8319327731092437,0.7876106194690266,0.33613445378151263
2125887773,0.8445378151260504,0.7370517928286853,0.4117647058823529
153123646,0.8613445378151261,0.8166666666666667,0.40336134453781514
861347482,0.8403361344537815,0.8151260504201681,0.3487394957983193
1337277525,0.8277310924369747,0.78099173553719,0.3865546218487395
1407216795,0.8781512605042017,0.7161016949152542,0.3907563025210084
1873096035,0.8697478991596639,0.8148148148148148,0.42436974789915966
323503005,0.8823529411764706,0.825,0.3739495798319328
1944803947,0.8613445378151261,0.8200836820083682,0.3697478991596639
1809624471,0.8781512605042017,0.8204081632653061,0.36554621848739494
52372625,0.8319327731092437,0.7868852459016393,0.36554621848739494
1684598997,0.8613445378151261,0.8065843621399177,0.3487394957983193
1046836037,0.865546218487395,0.8024193548387096,0.36554621848739494
1764511543,0.8907563025210085,0.8050847457627118,0.31512605042016806
1916129155,0.8739495798319328,0.7615062761506276,0.3907563025210084
889319620,0.865546218487395,0.8042553191489362,0.3907563025210084
859243063,0.8403361344537815,0.7949790794979079,0.35714285714285715
421821007,0.8865546218487395,0.7907949790794979,0.37815126050420167
1430130624,0.8781512605042017,0.7415254237288136,0.3697478991596639
2127670396,0.8613445378151261,0.7833333333333333,0.3949579831932773
1195809766,0.8529411764705882,0.7941176470588235,0.39915966386554624
1915183132,0.8991596638655462,0.7975708502024291,0.35294117647058826
678932049,0.8529411764705882,0.78099173553719,0.35714285714285715
1028221948,0.8739495798319328,0.7625,0.3907563025210084
1911187370,0.8571428571428571,0.7681818181818182,0.35714285714285715
1084594862,0.8613445378151261,0.8050847457627118,0.3865546218487395
1378254408,0.8739495798319328,0.7805907172995781,0.3235294117647059
949567492,0.9033613445378151,0.8401639344262295,0.37815126050420167
376653715,0.8907563025210085,0.7593360995850622,0.3865546218487395
702845247,0.8571428571428571,0.763265306122449,0.35294117647058826
1120083541,0.865546218487395,0.8042553191489362,0.3739495798319328
37473694,0.8571428571428571,0.7330508474576272,0.31932773109243695
1863364304,0.8739495798319328,0.7605042016806722,0.42436974789915966
509702858,0.8781512605042017,0.7510729613733905,0.35714285714285715
577156664,0.8907563025210085,0.7829787234042553,0.35294117647058826
82411108,0.8697478991596639,0.8106995884773662,0.3865546218487395
1507380408,0.8781512605042017,0.7899159663865546,0.3487394957983193
1689961409,0.8739495798319328,0.7608695652173914,0.3739495798319328
1604234904,0.8781512605042017,0.7676348547717843,0.3487394957983193
132774780,0.8865546218487395,0.7615062761506276,0.3949579831932773
1456718291,0.8823529411764706,0.7735042735042735,0.35294117647058826
488388183,0.8697478991596639,0.7489711934156379,0.37815126050420167
246787963,0.8991596638655462,0.8177966101694916,0.3865546218487395
441476653,0.907563025210084,0.8271604938271605,0.3907563025210084
174239938,0.8697478991596639,0.8298755186721992,0.35714285714285715
1117940921,0.8907563025210085,0.7615062761506276,0.42016806722689076
1525623065,0.9033613445378151,0.7669491525423728,0.31512605042016806
912631776,0.8781512605042017,0.8291666666666667,0.38235294117647056
389776827,0.8949579831932774,0.7883817427385892,0.44537815126050423
1635895018,0.8697478991596639,0.8375,0.3865546218487395
1781622543,0.8529411764705882,0.7883817427385892,0.36134453781512604
155482921,0.8529411764705882,0.8073770491803278,0.3865546218487395
1416597071,0.8739495798319328,0.7659574468085106,0.36134453781512604
723194912,0.8781512605042017,0.7456896551724138,0.39915966386554624
762231048,0.8571428571428571,0.773109243697479,0.36134453781512604
1719450633,0.8571428571428571,0.8333333333333334,0.33613445378151263
1133700178,0.8487394957983193,0.7863247863247863,0.35294117647058826
272991822,0.8823529411764706,0.8125,0.3487394957983193
774813824,0.8739495798319328,0.7857142857142857,0.3907563025210084
676395021,0.8697478991596639,0.7603305785123967,0.36134453781512604
1588559311,0.8697478991596639,0.7983539094650206,0.35294117647058826
695209131,0.8949579831932774,0.771551724137931,0.37815126050420167
268514007,0.8697478991596639,0.804,0.4117647058823529
1966276183,0.8865546218487395,0.7418032786885246,0.38235294117647056
441914647,0.9117647058823529,0.8091286307053942,0.31932773109243695
591014801,0.8865546218487395,0.748,0.3445378151260504
2135779795,0.8823529411764706,0.7489361702127659,0.31512605042016806
820482730,0.8739495798319328,0.825531914893617,0.3949579831932773
1769438103,0.8697478991596639,0.7721518987341772,0.36554621848739494
91885825,0.8571428571428571,0.7695652173913043,0.3739495798319328
260669647,0.8865546218487395,0.7899159663865546,0.35714285714285715
626337280,0.8613445378151261,0.7909836065573771,0.40756302521008403
1549600989,0.865546218487395,0.7088607594936709,0.35714285714285715
323210248,0.865546218487395,0.7627118644067796,0.3487394957983193
1576436216,0.8949579831932774,0.8391304347826087,0.3445378151260504
1975512194,0.8697478991596639,0.7647058823529411,0.41596638655462187
293124440,0.8319327731092437,0.7573221757322176,0.37815126050420167
1083800450,0.8823529411764706,0.8215767634854771,0.3487394957983193
1957912197,0.8781512605042017,0.7573221757322176,0.3445378151260504
1259055438,0.8613445378151261,0.7964601769911505,0.39915966386554624
1498511697,0.8697478991596639,0.7966101694915254,0.3739495798319328
411960549,0.8907563025210085,0.7933884297520661,0.37815126050420167
489656913,0.8529411764705882,0.8016528925619835,0.29831932773109243
1052840940,0.8865546218487395,0.8565400843881856,0.35714285714285715
1315861966,0.8487394957983193,0.8016194331983806,0.35294117647058826
1514995063,0.8697478991596639,0.8,0.4117647058823529
963365837,0.8571428571428571,0.826271186440678,0.3277310924369748
168796986,0.8781512605042017,0.8068669527896996,0.39915966386554624
905564345,0.8823529411764706,0.75,0.36134453781512604
888696819,0.8739495798319328,0.7622950819672131,0.36554621848739494
1395643329,0.8697478991596639,0.8185654008438819,0.3487394957983193
121018923,0.8571428571428571,0.8,0.36554621848739494
1159648766,0.8781512605042017,0.7659574468085106,0.36134453781512604
1839076421,0.8319327731092437,0.7682926829268293,0.36554621848739494
653590498,0.8865546218487395,0.7975206611570248,0.4369747899159664
133106634,0.8445378151260504,0.7739130434782608,0.3907563025210084
808206572,0.8613445378151261,0.8403361344537815,0.3697478991596639
1895198045,0.8487394957983193,0.7521367521367521,0.37815126050420167
827148691,0.8907563025210085,0.8361344537815126,0.38235294117647056
1950155056,0.8907563025210085,0.7541666666666667,0.35714285714285715
345785596,0.8781512605042017,0.7763157894736842,0.36134453781512604
1378365011,0.8781512605042017,0.7723214285714286,0.3403361344537815
1660190578,0.819327731092437,0.8305084745762712,0.3445378151260504
776683870,0.8571428571428571,0.7782258064516129,0.3907563025210084
823887643,0.8991596638655462,0.7829787234042553,0.38235294117647056
1155596458,0.8445378151260504,0.7617021276595745,0.36554621848739494
1559644856,0.8991596638655462,0.8237704918032787,0.39915966386554624
1765487046,0.8613445378151261,0.7942386831275721,0.36134453781512604
1126513285,0.8613445378151261,0.8291666666666667,0.3865546218487395
1751062340,0.8697478991596639,0.7829787234042553,0.3697478991596639
788012686,0.8739495798319328,0.7923728813559322,0.40756302521008403
1552724617,0.8529411764705882,0.8312236286919831,0.3403361344537815
876173753,0.8571428571428571,0.799163179916318,0.36554621848739494
24554781,0.8445378151260504,0.7991452991452992,0.38235294117647056
1319292700,0.9117647058823529,0.7946428571428571,0.37815126050420167
261784439,0.8823529411764706,0.8493723849372385,0.38235294117647056
931954348,0.865546218487395,0.8264462809917356,0.3697478991596639
1132550074,0.8277310924369747,0.7842323651452282,0.3949579831932773
304501440,0.8823529411764706,0.7899159663865546,0.40336134453781514
791266268,0.865546218487395,0.8146551724137931,0.3319327731092437
2099486691,0.8697478991596639,0.8412017167381974,0.35714285714285715
2143216821,0.8823529411764706,0.8403361344537815,0.36134453781512604
1097366086,0.8865546218487395,0.7739130434782608,0.3907563025210084
1261174774,0.8403361344537815,0.7811158798283262,0.3907563025210084
1256780936,0.8697478991596639,0.7659574468085106,0.3739495798319328
984341616,0.8403361344537815,0.7854077253218884,0.33613445378151263
633002732,0.8991596638655462,0.8099173553719008,0.3697478991596639
675624864,0.8907563025210085,0.7887931034482759,0.40336134453781514
853675170,0.8697478991596639,0.7768595041322314,0.3865546218487395
1597371038,0.8739495798319328,0.7958333333333333,0.3487394957983193
108608871,0.8613445378151261,0.7531380753138075,0.3403361344537815
304074450,0.865546218487395,0.7890295358649789,0.29831932773109243
1815338451,0.8697478991596639,0.8070175438596491,0.35294117647058826
434253977,0.8403361344537815,0.7676348547717843,0.40756302521008403
306440581,0.8235294117647058,0.7457627118644068,0.3445378151260504
687705896,0.8613445378151261,0.7679324894514767,0.3235294117647059
1321086270,0.8739495798319328,0.7714285714285715,0.35294117647058826
581936868,0.8613445378151261,0.7958333333333333,0.3319327731092437
297939276,0.8319327731092437,0.7695473251028807,0.3907563025210084
238526,0.8781512605042017,0.8369098712446352,0.3403361344537815
347157393,0.8697478991596639,0.7489361702127659,0.3865546218487395
1647701550,0.8907563025210085,0.8389830508474576,0.3865546218487395
1567054801,0.8991596638655462,0.8177966101694916,0.38235294117647056
2136513437,0.8487394957983193,0.7396694214876033,0.3235294117647059
1099845262,0.8739495798319328,0.8075313807531381,0.38235294117647056
1658225597,0.9033613445378151,0.8326180257510729,0.38235294117647056
1439335988,0.8613445378151261,0.7857142857142857,0.33613445378151263
2126364432,0.865546218487395,0.7634854771784232,0.3487394957983193
546285103,0.8781512605042017,0.7791666666666667,0.3445378151260504
496394669,0.8571428571428571,0.8078602620087336,0.3277310924369748
1683987321,0.8781512605042017,0.831275720164609,0.3739495798319328
452579148,0.865546218487395,0.805668016194332,0.3865546218487395
71872520,0.8739495798319328,0.811965811965812,0.31092436974789917
371553838,0.8697478991596639,0.8396624472573839,0.3739495798319328
892006468,0.8235294117647058,0.7458333333333333,0.3949579831932773
84820627,0.8613445378151261,0.7974683544303798,0.3067226890756303
582397270,0.8739495798319328,0.8067226890756303,0.33613445378151263
5656205,0.8613445378151261,0.7949790794979079,0.36554621848739494
618971506,0.8151260504201681,0.7851239669421488,0.3907563025210084
489927574,0.8949579831932774,0.8297872340425532,0.3487394957983193
1307906613,0.9033613445378151,0.8559322033898306,0.3403361344537815
278254142,0.8781512605042017,0.8125,0.3025210084033613
1474202240,0.8487394957983193,0.8016528925619835,0.3697478991596639
1933292214,0.8571428571428571,0.746938775510204,0.3865546218487395
679495648,0.8403361344537815,0.7725321888412017,0.3487394957983193
804241044,0.8865546218487395,0.8340248962655602,0.3697478991596639
314255549,0.8781512605042017,0.8122270742358079,0.36134453781512604
1364454086,0.8445378151260504,0.8047808764940239,0.36554621848739494
1859522518,0.8361344537815126,0.7701612903225806,0.3865546218487395
101592901,0.8739495798319328,0.7521367521367521,0.35294117647058826
1307916091,0.8445378151260504,0.827433628318584,0.36134453781512604
1584233744,0.865546218487395,0.762114537444934,0.3403361344537815
55896052,0.8613445378151261,0.8,0.38235294117647056
1138546631,0.8823529411764706,0.7959183673469388,0.37815126050420167
2008300354,0.8613445378151261,0.7325102880658436,0.36554621848739494
724868017,0.8613445378151261,0.7436974789915967,0.3067226890756303
906881677,0.8571428571428571,0.8155737704918032,0.35294117647058826
938550938,0.8613445378151261,0.7958333333333333,0.35714285714285715
228723612,0.8823529411764706,0.7916666666666666,0.3487394957983193
1548991806,0.8613445378151261,0.8057851239669421,0.35294117647058826
2120635974,0.8319327731092437,0.78099173553719,0.3949579831932773
27437209,0.8151260504201681,0.8026315789473685,0.3235294117647059
1116295151,0.8739495798319328,0.8138528138528138,0.36554621848739494
477021467,0.8445378151260504,0.759656652360515,0.37815126050420167
1679709662,0.8823529411764706,0.7857142857142857,0.3487394957983193
1224296690,0.865546218487395,0.8197424892703863,0.3277310924369748
784163091,0.8529411764705882,0.7717842323651453,0.3403361344537815
221287021,0.8823529411764706,0.7489361702127659,0.33613445378151263
1752409363,0.8487394957983193,0.773109243697479,0.3907563025210084
1490346767,0.8739495798319328,0.7792792792792793,0.40336134453781514
390900890,0.8739495798319328,0.7692307692307693,0.35714285714285715
1196672310,0.8823529411764706,0.8296943231441049,0.35294117647058826
192177716,0.8445378151260504,0.7705627705627706,0.3403361344537815
1370399493,0.8949579831932774,0.7676348547717843,0.3907563025210084
1566868218,0.907563025210084,0.8438818565400844,0.3865546218487395
1687238108,0.8865546218487395,0.8057851239669421,0.36134453781512604
688477673,0.8613445378151261,0.8189655172413793,0.3697478991596639
1838191595,0.8613445378151261,0.8032786885245902,0.31092436974789917
819361936,0.9033613445378151,0.7824267782426778,0.3907563025210084
970908555,0.8571428571428571,0.7689075630252101,0.39915966386554624
503913609,0.8823529411764706,0.809322033898305,0.3319327731092437
2028777895,0.9033613445378151,0.775,0.3865546218487395
1760509409,0.8487394957983193,0.8138528138528138,0.3865546218487395
980619854,0.8697478991596639,0.7603305785123967,0.40756302521008403
463596929,0.8949579831932774,0.7903930131004366,0.3865546218487395
1904136293,0.8907563025210085,0.7521008403361344,0.3277310924369748
1040170697,0.8571428571428571,0.7791666666666667,0.3865546218487395
136612193,0.8571428571428571,0.7948717948717948,0.35714285714285715
1429236528,0.8781512605042017,0.799163179916318,0.3907563025210084
1059420494,0.8487394957983193,0.7838983050847458,0.3319327731092437
113712825,0.8529411764705882,0.8220338983050848,0.40336134453781514
601898957,0.8739495798319328,0.776824034334764,0.3445378151260504
1189651272,0.8949579831932774,0.8326180257510729,0.3739495798319328
1330113148,0.8781512605042017,0.7791666666666667,0.3739495798319328
1174351449,0.8697478991596639,0.8109243697478992,0.3445378151260504
1552381106,0.8823529411764706,0.7702127659574468,0.3697478991596639
877402892,0.8949579831932774,0.8305084745762712,0.3403361344537815
211339667,0.8781512605042017,0.7974683544303798,0.37815126050420167
1419857231,0.8529411764705882,0.8117154811715481,0.3445378151260504
1216750747,0.8991596638655462,0.7468354430379747,0.3739495798319328
1296765867,0.8613445378151261,0.7911646586345381,0.3697478991596639
1310617029,0.8907563025210085,0.799163179916318,0.3739495798319328
68093465,0.8823529411764706,0.759493670886076,0.3739495798319328
247162270,0.8571428571428571,0.8042553191489362,0.3403361344537815
1740119416,0.865546218487395,0.7943548387096774,0.3907563025210084
1414026211,0.8781512605042017,0.8278688524590164,0.37815126050420167
1249807264,0.8613445378151261,0.7991967871485943,0.36134453781512604
1755829418,0.8697478991596639,0.8291666666666667,0.35714285714285715
2132369785,0.8361344537815126,0.8099173553719008,0.31092436974789917
81788580,0.8613445378151261,0.7405857740585774,0.35714285714285715
1362892730,0.8697478991596639,0.8099173553719008,0.3487394957983193
1013256816,0.8739495798319328,0.7333333333333333,0.3739495798319328
1132835717,0.865546218487395,0.8016528925619835,0.3865546218487395
295993327,0.8361344537815126,0.7863247863247863,0.3907563025210084
140994345,0.8613445378151261,0.7754237288135594,0.3739495798319328
1014291337,0.8529411764705882,0.8057851239669421,0.31932773109243695
1252763915,0.8697478991596639,0.782051282051282,0.38235294117647056
1568273506,0.8949579831932774,0.8200836820083682,0.4369747899159664
1390521239,0.8613445378151261,0.8078602620087336,0.3739495798319328
2060902355,0.8781512605042017,0.7939914163090128,0.3277310924369748
545762055,0.8613445378151261,0.7083333333333334,0.36554621848739494
159440875,0.8739495798319328,0.8432203389830508,0.33613445378151263
613920297,0.8949579831932774,0.8285714285714286,0.39915966386554624
662756461,0.8781512605042017,0.7913043478260869,0.38235294117647056
386601003,0.8529411764705882,0.777292576419214,0.37815126050420167
1627943731,0.8991596638655462,0.7426160337552743,0.36134453781512604
350924044,0.8823529411764706,0.8607594936708861,0.31932773109243695
5434279,0.8991596638655462,0.7975206611570248,0.40756302521008403
1919496873,0.907563025210084,0.8270042194092827,0.3697478991596639
1491230185,0.8697478991596639,0.7786885245901639,0.37815126050420167
116581084,0.8781512605042017,0.7811158798283262,0.3403361344537815
551729983,0.8277310924369747,0.8387096774193549,0.31092436974789917
1022144652,0.9117647058823529,0.8016877637130801,0.41596638655462187
585675315,0.8613445378151261,0.7698744769874477,0.35294117647058826
970170757,0.8319327731092437,0.7923728813559322,0.3907563025210084
1473030441,0.8823529411764706,0.7974683544303798,0.37815126050420167
1663958893,0.9033613445378151,0.7818930041152263,0.42016806722689076
1495977601,0.8571428571428571,0.8067226890756303,0.3487394957983193
778648183,0.8697478991596639,0.8518518518518519,0.3487394957983193
660483219,0.8445378151260504,0.7763157894736842,0.3277310924369748
811084728,0.8697478991596639,0.775,0.3739495798319328
579569136,0.8781512605042017,0.774468085106383,0.3907563025210084
1677449021,0.8781512605042017,0.7704918032786885,0.3739495798319328
1914672330,0.8739495798319328,0.7330508474576272,0.3487394957983193
13226313,0.9033613445378151,0.7782426778242678,0.35294117647058826
1389755550,0.8823529411764706,0.8117154811715481,0.36554621848739494
134316431,0.8529411764705882,0.7711864406779662,0.3319327731092437
1070271862,0.8949579831932774,0.8073770491803278,0.4327731092436975
2079592148,0.8739495798319328,0.7966101694915254,0.36134453781512604
1620891271,0.8529411764705882,0.7949790794979079,0.40756302521008403
782004522,0.8823529411764706,0.7894736842105263,0.3697478991596639
432708111,0.9117647058823529,0.8032786885245902,0.3949579831932773
789689873,0.8949579831932774,0.7842323651452282,0.3403361344537815
842955093,0.8571428571428571,0.7344398340248963,0.3865546218487395
1708996899,0.865546218487395,0.7800829875518672,0.3487394957983193
124237770,0.8781512605042017,0.8067226890756303,0.4369747899159664
1828530269,0.8403361344537815,0.8008658008658008,0.3067226890756303
55212401,0.8571428571428571,0.7863247863247863,0.3277310924369748
389578526,0.8529411764705882,0.8811475409836066,0.35294117647058826
50222667,0.8697478991596639,0.763265306122449,0.3697478991596639
288419696,0.8445378151260504,0.7933884297520661,0.3277310924369748
1470471598,0.8613445378151261,0.7848101265822784,0.36134453781512604
1298572040,0.8613445378151261,0.8132780082987552,0.33613445378151263
1533005250,0.8865546218487395,0.7478991596638656,0.31932773109243695
979911560,0.8613445378151261,0.8055555555555556,0.3487394957983193
1946520798,0.8487394957983193,0.7796610169491526,0.3739495798319328
832622390,0.8319327731092437,0.7983870967741935,0.31092436974789917
349215093,0.8235294117647058,0.7974137931034483,0.3865546218487395
916528993,0.865546218487395,0.7276422764227642,0.36134453781512604
1386741260,0.8781512605042017,0.8151260504201681,0.36554621848739494
827590410,0.8739495798319328,0.7630522088353414,0.38235294117647056
1855397402,0.865546218487395,0.7833333333333333,0.3949579831932773
1265333771,0.8823529411764706,0.7932489451476793,0.3907563025210084
847986160,0.8361344537815126,0.8917748917748918,0.3487394957983193
912508261,0.9117647058823529,0.782258064516129,0.3949579831932773
767448875,0.8781512605042017,0.8170212765957446,0.3697478991596639
1760520175,0.8823529411764706,0.782051282051282,0.3949579831932773
659108866,0.8529411764705882,0.7672413793103449,0.3319327731092437
682281828,0.8781512605042017,0.7899159663865546,0.31932773109243695
401941896,0.8487394957983193,0.8093385214007782,0.3739495798319328
1710475091,0.9159663865546218,0.8277310924369747,0.37815126050420167
157726589,0.819327731092437,0.7291666666666666,0.33613445378151263
931857021,0.865546218487395,0.7941176470588235,0.3949579831932773
1332553960,0.8571428571428571,0.8143459915611815,0.36134453781512604
1055245413,0.8613445378151261,0.7974137931034483,0.35714285714285715
1048959470,0.8739495798319328,0.7815126050420168,0.3319327731092437
1000420511,0.8319327731092437,0.7510548523206751,0.3697478991596639
499152301,0.8949579831932774,0.788135593220339,0.3319327731092437
688536362,0.819327731092437,0.7991803278688525,0.3319327731092437
1234038454,0.8823529411764706,0.8,0.35714285714285715
685452989,0.9033613445378151,0.7871485943775101,0.36554621848739494
243629808,0.865546218487395,0.8244897959183674,0.38235294117647056
841596393,0.8529411764705882,0.8170212765957446,0.3739495798319328
1856311470,0.8781512605042017,0.7851239669421488,0.4117647058823529
961364451,0.8571428571428571,0.7436974789915967,0.36134453781512604
1811639718,0.8613445378151261,0.7966101694915254,0.35714285714285715
1835951630,0.8571428571428571,0.7612612612612613,0.3277310924369748
970021898,0.8487394957983193,0.7531380753138075,0.3445378151260504
1954517161,0.8571428571428571,0.7923728813559322,0.35714285714285715
331084510,0.8571428571428571,0.8205128205128205,0.3235294117647059
1481994005,0.8571428571428571,0.8346774193548387,0.3739495798319328
581292558,0.8949579831932774,0.7702127659574468,0.3949579831932773
1012892865,0.8445378151260504,0.8016194331983806,0.3487394957983193
1195919109,0.865546218487395,0.7458333333333333,0.38235294117647056
521250289,0.8781512605042017,0.7804878048780488,0.3865546218487395
211710181,0.8949579831932774,0.7732793522267206,0.3865546218487395
2131160640,0.8277310924369747,0.7510548523206751,0.35714285714285715
376508196,0.8865546218487395,0.7773109243697479,0.39915966386554624
1948403874,0.8529411764705882,0.7213114754098361,0.3697478991596639
1662848086,0.865546218487395,0.8209606986899564,0.40756302521008403
2049983550,0.8697478991596639,0.7935222672064778,0.3277310924369748
1443961132,0.8991596638655462,0.809322033898305,0.3739495798319328
1999349515,0.865546218487395,0.7647058823529411,0.3697478991596639
705028382,0.8949579831932774,0.7991452991452992,0.35714285714285715
39968343,0.865546218487395,0.7448559670781894,0.38235294117647056
2016499828,0.8991596638655462,0.799163179916318,0.3865546218487395
1166003583,0.8865546218487395,0.8065843621399177,0.39915966386554624
843398702,0.8739495798319328,0.756,0.39915966386554624
1002805947,0.8739495798319328,0.7818930041152263,0.44537815126050423
691085852,0.865546218487395,0.7387755102040816,0.37815126050420167
1329495198,0.8445378151260504,0.7883817427385892,0.3319327731092437
162465428,0.8865546218487395,0.8016877637130801,0.3865546218487395
1029360124,0.8781512605042017,0.7593360995850622,0.36554621848739494
56370281,0.8991596638655462,0.7782426778242678,0.3403361344537815
1813029200,0.8319327731092437,0.7768595041322314,0.3739495798319328
1405554892,0.8697478991596639,0.7717842323651453,0.31932773109243695
1136689454,0.8991596638655462,0.7805907172995781,0.3487394957983193
356626012,0.8361344537815126,0.7408906882591093,0.3907563025210084
1198522255,0.8739495798319328,0.8073770491803278,0.36554621848739494
1805224514,0.8613445378151261,0.7327586206896551,0.33613445378151263
2011557107,0.9033613445378151,0.8185654008438819,0.39915966386554624
1592310989,0.8823529411764706,0.7773109243697479,0.3949579831932773
1815393524,0.8949579831932774,0.7396694214876033,0.3865546218487395
1258704557,0.8781512605042017,0.7851239669421488,0.3865546218487395
425788351,0.8949579831932774,0.8016528925619835,0.3949579831932773
829151846,0.8781512605042017,0.7381974248927039,0.4369747899159664
1188740794,0.8697478991596639,0.7755102040816326,0.33613445378151263
613204215,0.8529411764705882,0.7899159663865546,0.3697478991596639
546529045,0.8613445378151261,0.7959183673469388,0.3403361344537815
1083157914,0.8697478991596639,0.7948717948717948,0.3487394957983193
310004858,0.8235294117647058,0.7966101694915254,0.35714285714285715
1346163831,0.865546218487395,0.75,0.36554621848739494
1568245047,0.8403361344537815,0.8132780082987552,0.3445378151260504
950259294,0.8403361344537815,0.8247863247863247,0.2815126050420168
772837296,0.8949579831932774,0.8205128205128205,0.38235294117647056
1171759820,0.8697478991596639,0.7759336099585062,0.42016806722689076
1139380639,0.8361344537815126,0.7791666666666667,0.3739495798319328
843609677,0.8865546218487395,0.7457627118644068,0.3697478991596639
1613739439,0.8697478991596639,0.8174273858921162,0.3739495798319328
1088859277,0.8865546218487395,0.7419354838709677,0.44537815126050423
441551343,0.9117647058823529,0.8553191489361702,0.39915966386554624
379360369,0.8529411764705882,0.7931034482758621,0.29831932773109243
426305608,0.8949579831932774,0.8375,0.3403361344537815
1294741783,0.8235294117647058,0.8189300411522634,0.31092436974789917
1449780367,0.8907563025210085,0.7540983606557377,0.39915966386554624
1325714929,0.8445378151260504,0.8297872340425532,0.40336134453781514
822279106,0.8907563025210085,0.757085020242915,0.4117647058823529
1150142342,0.8739495798319328,0.8429752066115702,0.3403361344537815
1047343939,0.8571428571428571,0.8140495867768595,0.38235294117647056
406844130,0.8823529411764706,0.8408163265306122,0.36134453781512604
825050957,0.8613445378151261,0.8008474576271186,0.3403361344537815
2025535072,0.865546218487395,0.8048780487804879,0.36134453781512604
1232300069,0.8529411764705882,0.7974683544303798,0.36134453781512604
227102828,0.8781512605042017,0.8049792531120332,0.37815126050420167
1899157362,0.9117647058823529,0.8047808764940239,0.3319327731092437
1928390491,0.8781512605042017,0.8319327731092437,0.36554621848739494
2087821679,0.8907563025210085,0.8085106382978723,0.3697478991596639
709595270,0.8991596638655462,0.8497854077253219,0.33613445378151263
1801597570,0.8571428571428571,0.8067226890756303,0.3319327731092437
1170592958,0.8487394957983193,0.7782426778242678,0.3487394957983193
908487648,0.9159663865546218,0.7907949790794979,0.36134453781512604
1554872696,0.8781512605042017,0.6820083682008368,0.42857142857142855
411943693,0.8697478991596639,0.788135593220339,0.36134453781512604
737910704,0.8823529411764706,0.8209606986899564,0.3319327731092437
37712049,0.865546218487395,0.7457627118644068,0.38235294117647056
1085544713,0.8865546218487395,0.7617021276595745,0.36134453781512604
1322373617,0.8403361344537815,0.8078602620087336,0.3949579831932773
22148426,0.8529411764705882,0.7948717948717948,0.38235294117647056
508385019,0.9117647058823529,0.7692307692307693,0.33613445378151263
2038094783,0.8529411764705882,0.7800829875518672,0.35294117647058826
634671828,0.8823529411764706,0.7396694214876033,0.36554621848739494
24080388,0.8697478991596639,0.774468085106383,0.33613445378151263
603244042,0.8739495798319328,0.7309236947791165,0.3277310924369748
1825567586,0.8529411764705882,0.7364016736401674,0.38235294117647056
248258668,0.8403361344537815,0.819672131147541,0.3865546218487395
658293511,0.8613445378151261,0.7725321888412017,0.3865546218487395
1988663214,0.8739495798319328,0.7925311203319502,0.36134453781512604
1925062923,0.8697478991596639,0.7901234567901234,0.3865546218487395
805024699,0.865546218487395,0.7704918032786885,0.39915966386554624
1359485187,0.9033613445378151,0.7361702127659574,0.3697478991596639
738180241,0.8487394957983193,0.7231404958677686,0.35714285714285715
880824605,0.8907563025210085,0.8070175438596491,0.4117647058823529
586376467,0.9033613445378151,0.7782426778242678,0.36554621848739494
832931710,0.8697478991596639,0.8024691358024691,0.3319327731092437
2127849794,0.865546218487395,0.8109243697478992,0.36134453781512604
1658447484,0.8361344537815126,0.7838983050847458,0.40336134453781514
822093504,0.8571428571428571,0.748,0.38235294117647056
109685794,0.8613445378151261,0.7564102564102564,0.31092436974789917
351824806,0.8487394957983193,0.8122448979591836,0.29831932773109243
148870994,0.8697478991596639,0.7738095238095238,0.36134453781512604
126394600,0.8949579831932774,0.7333333333333333,0.3949579831932773
1655151580,0.8991596638655462,0.7763713080168776,0.39915966386554624
1577546241,0.8781512605042017,0.7844827586206896,0.3697478991596639
2029824361,0.8571428571428571,0.7860082304526749,0.40756302521008403
1253245875,0.8991596638655462,0.7792792792792793,0.40336134453781514
1332028974,0.8697478991596639,0.7786885245901639,0.42436974789915966
1866245106,0.8613445378151261,0.7733333333333333,0.33613445378151263
317707154,0.8823529411764706,0.8464730290456431,0.33613445378151263
795354056,0.8781512605042017,0.8438818565400844,0.38235294117647056
1420339379,0.8697478991596639,0.7863247863247863,0.36554621848739494
1430281142,0.8739495798319328,0.7666666666666667,0.35294117647058826
2005889290,0.8403361344537815,0.7914893617021277,0.3697478991596639
1427640728,0.8571428571428571,0.7883817427385892,0.3739495798319328
2114793318,0.9033613445378151,0.7863247863247863,0.3949579831932773
733217674,0.865546218487395,0.7975708502024291,0.3949579831932773
549189590,0.8823529411764706,0.8143459915611815,0.3949579831932773
729217878,0.8697478991596639,0.8361344537815126,0.3319327731092437
232922329,0.8403361344537815,0.8016194331983806,0.3319327731092437
574016848,0.8781512605042017,0.7805907172995781,0.3487394957983193
1866661942,0.8529411764705882,0.7652173913043478,0.3445378151260504
124444330,0.8823529411764706,0.8075313807531381,0.3739495798319328
1531687744,0.8823529411764706,0.8146551724137931,0.3319327731092437
652937029,0.8445378151260504,0.8114754098360656,0.3445378151260504
60380868,0.8361344537815126,0.7909836065573771,0.3403361344537815
1382065920,0.8781512605042017,0.7796610169491526,0.31932773109243695
164112915,0.8823529411764706,0.7913043478260869,0.36554621848739494
1205352974,0.8487394957983193,0.7489878542510121,0.3487394957983193
500489649,0.8781512605042017,0.8242677824267782,0.4411764705882353
2086447388,0.8361344537815126,0.8122448979591836,0.3319327731092437
2048041145,0.8403361344537815,0.8068669527896996,0.3697478991596639
1971320033,0.8697478991596639,0.7729257641921398,0.3865546218487395
382914975,0.8529411764705882,0.7532467532467533,0.37815126050420167
1791512104,0.8403361344537815,0.7647058823529411,0.3403361344537815
1862797683,0.8865546218487395,0.7966804979253111,0.35294117647058826
465195516,0.8781512605042017,0.8125,0.4369747899159664
694710589,0.8529411764705882,0.788135593220339,0.3487394957983193
1702875135,0.8613445378151261,0.8312236286919831,0.3445378151260504
1566442517,0.8781512605042017,0.7768595041322314,0.42016806722689076
1539505356,0.8445378151260504,0.7352941176470589,0.3319327731092437
632814474,0.865546218487395,0.7958333333333333,0.3949579831932773
267194829,0.8865546218487395,0.8032786885245902,0.36554621848739494
367992052,0.8151260504201681,0.7458333333333333,0.36554621848739494
1753796030,0.8739495798319328,0.7805907172995781,0.36554621848739494
1135318254,0.8781512605042017,0.8117154811715481,0.3445378151260504
1748540984,0.8487394957983193,0.7763713080168776,0.35294117647058826
1108948082,0.8697478991596639,0.7553648068669528,0.3235294117647059
1597924672,0.8781512605042017,0.7723577235772358,0.35714285714285715
801887718,0.8571428571428571,0.7773109243697479,0.3487394957983193
293706785,0.8697478991596639,0.8,0.35294117647058826
795200094,0.8277310924369747,0.8346774193548387,0.38235294117647056
926309008,0.8781512605042017,0.8166666666666667,0.4117647058823529
1457909968,0.865546218487395,0.8091286307053942,0.3487394957983193
138878727,0.8781512605042017,0.8024691358024691,0.4117647058823529
1045402436,0.8739495798319328,0.7575757575757576,0.3403361344537815
739301374,0.8823529411764706,0.8272727272727273,0.39915966386554624
1241377760,0.8907563025210085,0.7914893617021277,0.33613445378151263
1633560510,0.8949579831932774,0.825531914893617,0.3907563025210084
1791090970,0.907563025210084,0.8436213991769548,0.36134453781512604
1180623432,0.8067226890756303,0.763265306122449,0.3235294117647059
1884402036,0.8571428571428571,0.728448275862069,0.37815126050420167
1282338478,0.8487394957983193,0.7704918032786885,0.3067226890756303
344980260,0.8781512605042017,0.8154506437768241,0.3949579831932773
159279776,0.8739495798319328,0.7860082304526749,0.3865546218487395
989274362,0.8865546218487395,0.8065843621399177,0.36554621848739494
910684199,0.8823529411764706,0.8305785123966942,0.35294117647058826
236729447,0.8739495798319328,0.7654320987654321,0.3865546218487395
1534563313,0.8907563025210085,0.7975206611570248,0.35714285714285715
1787833989,0.8403361344537815,0.7807017543859649,0.3697478991596639
1300571525,0.8781512605042017,0.7907949790794979,0.35714285714285715
388479340,0.865546218487395,0.8104838709677419,0.36554621848739494
447859711,0.8529411764705882,0.7745901639344263,0.39915966386554624
627318937,0.9117647058823529,0.7689075630252101,0.37815126050420167
997404883,0.9117647058823529,0.7914893617021277,0.3445378151260504
920266689,0.8865546218487395,0.8275862068965517,0.3445378151260504
815143904,0.8403361344537815,0.7991803278688525,0.36554621848739494
1677590779,0.8319327731092437,0.804,0.3865546218487395
619419499,0.8865546218487395,0.8185483870967742,0.3277310924369748
956903266,0.8865546218487395,0.7615062761506276,0.36554621848739494
2140001075,0.8907563025210085,0.8448979591836735,0.40336134453781514
1684706695,0.8739495798319328,0.775,0.3445378151260504
2037896791,0.8277310924369747,0.7552742616033755,0.3403361344537815
1914052653,0.8781512605042017,0.7933884297520661,0.42016806722689076
804688912,0.8823529411764706,0.7647058823529411,0.36554621848739494
1324994316,0.8781512605042017,0.7975206611570248,0.3319327731092437
828119452,0.8529411764705882,0.7782608695652173,0.36134453781512604
77130131,0.8865546218487395,0.8140495867768595,0.3697478991596639
365114349,0.8361344537815126,0.7748917748917749,0.3739495798319328
498312302,0.8907563025210085,0.8165938864628821,0.3403361344537815
55949109,0.8865546218487395,0.8518518518518519,0.3697478991596639
1160756724,0.8571428571428571,0.8333333333333334,0.3445378151260504
1996836179,0.865546218487395,0.7692307692307693,0.3907563025210084
1034748232,0.8781512605042017,0.7907949790794979,0.3907563025210084
1954471998,0.8739495798319328,0.8146551724137931,0.3697478991596639
1331835081,0.8403361344537815,0.7948717948717948,0.3445378151260504
493796208,0.8739495798319328,0.8081632653061225,0.3697478991596639
1727129404,0.8697478991596639,0.8177966101694916,0.3907563025210084
1588239690,0.8991596638655462,0.756198347107438,0.3907563025210084
783075799,0.865546218487395,0.78099173553719,0.3277310924369748
807937774,0.865546218487395,0.7615062761506276,0.36554621848739494
4285588,0.8613445378151261,0.7637130801687764,0.36134453781512604
1957612846,0.8739495798319328,0.7982832618025751,0.36134453781512604
555532119,0.8823529411764706,0.7637130801687764,0.40336134453781514
1678290822,0.8529411764705882,0.8127659574468085,0.3739495798319328
1581954807,0.8781512605042017,0.8275862068965517,0.36134453781512604
1253382037,0.8529411764705882,0.7740585774058577,0.3445378151260504
1604403642,0.8781512605042017,0.7489711934156379,0.42857142857142855
47096696,0.8907563025210085,0.7468354430379747,0.37815126050420167
346934632,0.8823529411764706,0.8405172413793104,0.40336134453781514
2127937493,0.8823529411764706,0.7838983050847458,0.40336134453781514
242472216,0.865546218487395,0.8109243697478992,0.3739495798319328
850938950,0.8949579831932774,0.7619047619047619,0.39915966386554624
1022532191,0.907563025210084,0.7918552036199095,0.3403361344537815
494363095,0.8361344537815126,0.8438818565400844,0.3865546218487395
1082128964,0.8571428571428571,0.8158995815899581,0.39915966386554624
756119351,0.8865546218487395,0.7754237288135594,0.37815126050420167
2009013514,0.8739495798319328,0.7958333333333333,0.3697478991596639
555992931,0.8613445378151261,0.8148148148148148,0.3949579831932773
281060043,0.8613445378151261,0.774468085106383,0.35294117647058826
1146655798,0.8739495798319328,0.823045267489712,0.3487394957983193
1766270426,0.8865546218487395,0.7949790794979079,0.38235294117647056
336705009,0.8949579831932774,0.8130081300813008,0.39915966386554624
1564294630,0.907563025210084,0.7531380753138075,0.37815126050420167
845411061,0.8613445378151261,0.7763157894736842,0.3277310924369748
355169934,0.8697478991596639,0.7942386831275721,0.40336134453781514
1520814949,0.8613445378151261,0.7872340425531915,0.3403361344537815
360939816,0.8613445378151261,0.7396694214876033,0.37815126050420167
2121446956,0.8529411764705882,0.8232758620689655,0.3403361344537815
486724495,0.8865546218487395,0.7932489451476793,0.40336134453781514
653640597,0.8739495798319328,0.8076923076923077,0.35294117647058826
1622355912,0.8613445378151261,0.7949790794979079,0.3865546218487395
735280853,0.8571428571428571,0.804,0.3739495798319328
1309105810,0.8403361344537815,0.7574468085106383,0.33613445378151263
262256801,0.8529411764705882,0.7689075630252101,0.3025210084033613
1196626968,0.8529411764705882,0.7801724137931034,0.40756302521008403
1727603511,0.8571428571428571,0.8270042194092827,0.37815126050420167
328647659,0.8445378151260504,0.7631578947368421,0.31932773109243695
305584278,0.8865546218487395,0.7991452991452992,0.41596638655462187
778766448,0.907563025210084,0.78,0.38235294117647056
236546543,0.8739495798319328,0.7818930041152263,0.3697478991596639
784075577,0.8613445378151261,0.7886178861788617,0.36554621848739494
1369367326,0.8823529411764706,0.7844827586206896,0.35294117647058826
2042934959,0.8823529411764706,0.8,0.42016806722689076
1497458815,0.8739495798319328,0.7975206611570248,0.40336134453781514
2063547538,0.8613445378151261,0.7723577235772358,0.3277310924369748
1593058516,0.8697478991596639,0.7844827586206896,0.3403361344537815
1556593660,0.907563025210084,0.8049792531120332,0.3025210084033613
1582609970,0.8571428571428571,0.7833333333333333,0.3907563025210084
430110679,0.8781512605042017,0.757085020242915,0.38235294117647056
527374511,0.8529411764705882,0.7520661157024794,0.3739495798319328
1748567602,0.9201680672268907,0.7815126050420168,0.41596638655462187
953877109,0.8697478991596639,0.78099173553719,0.41596638655462187
839521879,0.8907563025210085,0.7581967213114754,0.38235294117647056
1026494031,0.8781512605042017,0.7792207792207793,0.3445378151260504
514642807,0.8907563025210085,0.8166666666666667,0.4579831932773109
1132877136,0.8865546218487395,0.8259109311740891,0.3487394957983193
802566323,0.8865546218487395,0.8340425531914893,0.3949579831932773
2006837469,0.8823529411764706,0.8382978723404255,0.3739495798319328
1533569987,0.8949579831932774,0.7606837606837606,0.3445378151260504
1396119977,0.819327731092437,0.7510548523206751,0.3403361344537815
889799492,0.8697478991596639,0.8266129032258065,0.39915966386554624
442529920,0.8907563025210085,0.788546255506608,0.3235294117647059
1980156541,0.8529411764705882,0.8200836820083682,0.29411764705882354
19464815,0.8529411764705882,0.7958333333333333,0.3865546218487395
1732931615,0.8739495798319328,0.743801652892562,0.3739495798319328
1987691257,0.865546218487395,0.7468354430379747,0.35714285714285715
551909294,0.8361344537815126,0.7748917748917749,0.3403361344537815
2064579328,0.8781512605042017,0.8253275109170306,0.3403361344537815
1359199294,0.8823529411764706,0.7723577235772358,0.38235294117647056
848738998,0.8739495798319328,0.782051282051282,0.36134453781512604
1051594165,0.8781512605042017,0.7836734693877551,0.3403361344537815
676779616,0.8487394957983193,0.8204081632653061,0.38235294117647056
723410267,0.8907563025210085,0.828,0.36554621848739494
2109574589,0.8739495798319328,0.7816593886462883,0.38235294117647056
2095548556,0.8403361344537815,0.8078602620087336,0.2857142857142857
673770326,0.8739495798319328,0.8565573770491803,0.4117647058823529
300814531,0.8529411764705882,0.8049792531120332,0.36134453781512604
264688742,0.8151260504201681,0.7634854771784232,0.36134453781512604
1663380510,0.8907563025210085,0.7737556561085973,0.3949579831932773
651554931,0.8529411764705882,0.8132780082987552,0.36554621848739494
1470229140,0.8487394957983193,0.7967479674796748,0.3319327731092437
807109979,0.8529411764705882,0.7838983050847458,0.37815126050420167
1250609537,0.9033613445378151,0.7676348547717843,0.3319327731092437
776571559,0.8445378151260504,0.7975206611570248,0.37815126050420167
856801804,0.8613445378151261,0.8068669527896996,0.3445378151260504
