seed,mcnemar_rf_lr_p
698843271,1.0
1791653617,1.0
493240704,0.359283447265625
613678182,0.629058837890625
370267345,0.7265625
156269147,1.0
835823359,0.5034446716308594
143124570,0.049041748046875
593530112,0.109375
1955547732,0.0654296875
1299633696,0.8145294189453125
1319945545,0.4239501953125
951527159,1.0
533277282,0.30175781249999994
1844529903,0.6476058959960938
337779951,1.0
1605697108,0.2265625
393905665,0.7744140625
1089324843,0.5078125
1402323008,1.0
156949210,0.5810546875
1990994663,1.0
1580573371,0.14599609375
1151273762,1.0
813885346,0.548828125
707837483,0.2890625
1513453699,0.375
329302885,1.0
1215510387,1.0
2121254660,0.803619384765625
142124934,1.0
1782876137,0.5810546875
1400288726,0.79052734375
248965869,0.03857421875
1166397091,0.1796875
412440864,0.1796875
1249029682,0.3876953125
1552749702,1.0
679348496,1.0
1048923416,1.0
2145517570,0.803619384765625
692948886,0.1796875
381359917,1.0
386665897,0.01171875
1128844424,0.1795654296875
1506001768,0.5810546875
728785454,0.7265625
1249880050,0.803619384765625
372853081,0.454498291015625
2100356171,1.0
1527385356,0.266845703125
2079874157,0.063568115234375
1078366534,1.0
1061195275,1.0
1287232119,1.0
763552511,0.266845703125
656499585,0.75390625
1900277080,1.0
1783173823,0.34375
487784854,0.3876953125
1770968334,0.7744140625
287868995,0.1795654296875
2098831143,0.1796875
2126050261,0.453125
1948384257,1.0
1418454448,0.6476058959960938
1054775224,0.3876953125
1463816757,0.0654296875
1593675581,0.1796875
799733665,0.266845703125
1843054196,1.0
353984068,0.125
1750615352,1.0
360187555,0.4239501953125
279705469,1.0
1210164804,0.0703125
1477281101,1.0
1122277455,0.3876953125
1881193406,1.0
1130839594,0.5078125
234935008,1.0
57845001,1.0
1824463097,1.0
986807428,1.0
1230302164,0.803619384765625
1423898005,1.0
1973404817,0.11531829833984375
886792422,0.5078125
524437858,0.266845703125
2111427778,0.548828125
1143266066,0.79052734375
520155717,1.0
1570976675,1.0
47389880,1.0
1856805586,0.11846923828124999
333143030,0.7265625
1641657465,0.79052734375
1140918586,1.0
1500466889,1.0
1780940307,0.7265625
1711696198,0.79052734375
1326055937,1.0
17462500,1.0
2102715721,0.5810546875
2052392117,0.3876953125
4553630,0.7744140625
540622383,0.5810546875
920543739,0.7744140625
1886087851,0.3876953125
1638252046,0.0654296875
1185246075,0.5078125
350223570,0.79052734375
792482140,1.0
791752010,0.109375
396424486,0.00738525390625
8854162,0.3876953125
1913000454,0.34375
36721787,0.7265625
115592621,1.0
241868183,1.0
1343755192,0.75390625
1015057819,0.5078125
1951359289,1.0
104208179,1.0
928419030,0.79052734375
561176345,1.0
484670045,0.5810546875
534362164,1.0
233421513,1.0
1454460042,0.057373046875
103769033,0.237884521484375
84431613,1.0
369469125,1.0
1651425125,1.0
1524898506,0.109375
878408582,1.0
756597112,0.453125
750503008,1.0
1079436288,0.11846923828124999
864803182,0.548828125
678896695,0.109375
1186879765,1.0
2062125815,1.0
1030326948,0.4239501953125
1193753799,0.75390625
312745439,0.210113525390625
1927950892,0.2890625
354207689,0.7744140625
1921762059,0.0224609375
315790489,0.7744140625
277214475,0.021484375
773877917,1.0
301368534,0.332305908203125
1437068220,0.2265625
2053435858,1.0
1118481775,0.7744140625
243021692,1.0
22815287,0.34375
1725312552,1.0
394709803,0.057373046875
534129526,1.0
118154545,1.0
2038988206,0.7744140625
1062338532,0.7744140625
554368842,1.0
2127924446,0.2265625
1178602542,0.7265625
888174189,0.03857421875
242509716,0.548828125
1961698358,0.5810546875
1272992118,0.4239501953125
59374124,0.11846923828124999
1917856656,0.0703125
1698029982,1.0
1034334200,1.0
66199423,0.7744140625
1997466222,0.7744140625
121376839,0.237884521484375
2130702841,0.03857421875
1736081903,0.266845703125
2068501578,0.79052734375
1294390893,0.8145294189453125
1660038460,0.4239501953125
1363611450,0.7744140625
1585433823,0.14599609375
668852678,1.0
1586237306,1.0
1582534102,0.109375
1734430177,0.6875
1318253049,0.34375
1454353809,0.2265625
1119311578,0.332305908203125
790568255,1.0
1340530909,1.0
1586285802,0.79052734375
283036843,0.7265625
1716623761,0.75390625
1736585609,0.75390625
265669499,0.34375
2106707916,1.0
888262545,0.6072387695312499
81049871,0.75390625
1079361667,0.14599609375
849051646,0.2265625
1152013290,0.5810546875
1406946167,0.14599609375
1408550762,0.4239501953125
299515287,0.75390625
1627835366,0.375
998252539,0.1795654296875
740884847,1.0
506436474,0.1796875
72001738,1.0
2029752240,0.7265625
1374149609,1.0
950191007,0.548828125
627828043,0.5810546875
532729051,0.8238029479980469
1189916378,1.0
1794500272,0.6072387695312499
332573650,0.076812744140625
1391158912,0.7265625
839303032,0.7744140625
1536453817,1.0
70096781,1.0
1906886291,0.803619384765625
1126224774,0.5810546875
435817167,0.75390625
766431470,0.6072387695312499
1148030822,0.5078125
562859874,0.548828125
192310379,0.34375
35482365,1.0
584129290,0.4239501953125
1966199335,1.0
546991807,0.2890625
1786913346,1.0
866053685,0.7744140625
450391046,1.0
603469045,0.7265625
1183297255,0.3876953125
871227286,0.453125
1402435601,0.2265625
1183883141,0.266845703125
304884780,0.2265625
926247806,0.7744140625
753789091,1.0
1313598646,0.5810546875
1292770478,0.548828125
340720469,1.0
247259338,0.4239501953125
1168536995,1.0
1072466540,1.0
841217608,0.03857421875
1411656602,1.0
596053354,1.0
694040702,0.2265625
976600590,0.5810546875
972449552,0.4239501953125
1063375252,0.3876953125
1334191430,0.5078125
332351684,0.5078125
2138777173,1.0
414781028,1.0
583251107,0.34375
933138757,0.359283447265625
290270235,1.0
23709836,0.75390625
1636153285,0.7265625
450430834,1.0
1780142852,0.5810546875
2104236961,1.0
1042773959,0.3876953125
731042537,0.1796875
1962642749,0.454498291015625
903160832,0.34375
2046362233,0.210113525390625
1570685397,0.34375
102414484,0.548828125
1292519607,1.0
745657169,0.14599609375
30211543,0.7744140625
1528545197,0.7265625
1029485465,1.0
1713209629,0.75390625
1541382836,1.0
1123652359,1.0
294050347,0.7744140625
1361399685,1.0
1475484617,1.0
1768350784,1.0
915802403,0.109375
692184321,1.0
167787019,0.7744140625
720906646,0.1796875
98112580,1.0
1051171143,1.0
323820950,1.0
1253181732,0.5078125
980306635,1.0
1808309256,0.332305908203125
1666376185,0.11846923828124999
1819457324,0.5810546875
479942422,1.0
1944876172,1.0
476650770,0.4239501953125
1679678491,0.5078125
1917145040,0.0654296875
1860425699,0.03857421875
444488501,0.7265625
640425698,0.2890625
1480668476,1.0
1278484628,1.0
936391627,0.7744140625
1793945627,0.125
5698259,0.79052734375
1320811065,0.480682373046875
45755345,0.4239501953125
1052523138,0.34375
582558164,0.34375
1741023205,1.0
2034983024,0.0703125
297573082,1.0
1501856497,0.0390625
353590483,0.548828125
151898374,1.0
930831061,1.0
1421661665,0.4239501953125
237329221,1.0
1244344816,0.09228515625
220763390,0.210113525390625
873437290,1.0
2074377956,0.75390625
399037795,0.75390625
885881171,1.0
1124905025,0.34375
1945630487,0.548828125
1072312721,0.75390625
700960641,1.0
1242205791,0.7744140625
709206213,0.548828125
150792631,0.2265625
81917935,0.454498291015625
1423531748,0.5078125
1410148909,0.75390625
2127196113,1.0
85640236,0.3876953125
593616932,1.0
1036118977,0.5078125
1838822385,0.480682373046875
1773174734,0.266845703125
2029477594,1.0
1116356394,0.2890625
333262566,1.0
43121463,0.109375
1168234388,0.3876953125
58782912,0.266845703125
747706778,0.109375
652636424,1.0
557379365,1.0
35038454,0.1796875
1307094579,0.3876953125
641328687,1.0
1029967937,0.5810546875
1276927708,0.7265625
1842915955,0.109375
99494448,0.6875
1818176082,0.4239501953125
627770123,1.0
1822686936,1.0
449510988,0.803619384765625
654710547,1.0
2052944477,1.0
1745940059,0.109375
1337746162,0.7744140625
1616859554,0.5078125
2018558960,1.0
1521566634,0.629058837890625
1156354970,0.4239501953125
635497189,0.79052734375
689506969,0.5078125
909498462,0.03857421875
1481494771,1.0
856436449,0.3876953125
2117476630,1.0
719945938,0.7744140625
1315903881,0.34375
1416542619,1.0
1748300020,0.5078125
534436561,0.109375
1973057460,0.34375
109077341,0.5810546875
1933252443,1.0
1073942744,0.625
1170645904,0.03857421875
1864124409,0.5078125
85160275,1.0
2125887773,0.1795654296875
153123646,1.0
861347482,1.0
1337277525,1.0
1407216795,0.453125
1873096035,1.0
323503005,1.0
1944803947,0.75390625
1809624471,0.30175781249999994
52372625,1.0
1684598997,0.21875
1046836037,1.0
1764511543,0.5810546875
1916129155,0.4239501953125
889319620,0.1795654296875
859243063,0.143463134765625
421821007,0.8145294189453125
1430130624,1.0
2127670396,1.0
1195809766,1.0
1915183132,0.480682373046875
678932049,1.0
1028221948,0.5078125
1911187370,0.5810546875
1084594862,0.057373046875
1378254408,0.7744140625
949567492,0.6875
376653715,0.79052734375
702845247,0.7265625
1120083541,1.0
37473694,0.75390625
1863364304,0.454498291015625
509702858,0.210113525390625
577156664,0.143463134765625
82411108,1.0
1507380408,0.7265625
1689961409,0.548828125
1604234904,0.375
132774780,0.14599609375
1456718291,0.7265625
488388183,0.1796875
246787963,0.0703125
441476653,0.266845703125
174239938,0.0703125
1117940921,1.0
1525623065,1.0
912631776,0.2265625
389776827,0.2265625
1635895018,0.34375
1781622543,1.0
155482921,0.125
1416597071,0.375
723194912,0.7744140625
762231048,1.0
1719450633,0.7744140625
1133700178,1.0
272991822,1.0
774813824,0.548828125
676395021,0.04138946533203125
1588559311,0.125
695209131,0.5810546875
268514007,0.5810546875
1966276183,0.30175781249999994
441914647,0.4239501953125
591014801,0.548828125
2135779795,0.7744140625
820482730,0.03857421875
1769438103,0.480682373046875
91885825,1.0
260669647,1.0
626337280,0.3876953125
1549600989,0.5078125
323210248,1.0
1576436216,1.0
1975512194,0.09228515625
293124440,0.79052734375
1083800450,0.0654296875
1957912197,0.480682373046875
1259055438,0.453125
1498511697,1.0
411960549,0.0703125
489656913,1.0
1052840940,0.3876953125
1315861966,0.34375
1514995063,0.057373046875
963365837,1.0
168796986,0.75390625
905564345,1.0
888696819,0.548828125
1395643329,0.453125
121018923,0.076812744140625
1159648766,0.057373046875
1839076421,0.3876953125
653590498,0.5810546875
133106634,1.0
808206572,0.30175781249999994
1895198045,1.0
827148691,1.0
1950155056,0.4239501953125
345785596,1.0
1378365011,0.454498291015625
1660190578,0.21875
776683870,1.0
823887643,0.4239501953125
1155596458,0.14599609375
1559644856,0.38331031799316406
1765487046,0.30175781249999994
1126513285,0.79052734375
1751062340,1.0
788012686,0.34375
1552724617,0.7744140625
876173753,0.453125
24554781,1.0
1319292700,1.0
261784439,1.0
931954348,0.7744140625
1132550074,0.7744140625
304501440,0.7265625
791266268,0.6476058959960938
2099486691,0.0703125
2143216821,1.0
1097366086,0.5078125
1261174774,0.14599609375
1256780936,0.5810546875
984341616,0.75390625
633002732,0.3876953125
675624864,0.75390625
853675170,0.75390625
1597371038,0.7744140625
108608871,1.0
304074450,0.210113525390625
1815338451,0.803619384765625
434253977,0.453125
306440581,0.79052734375
687705896,0.79052734375
1321086270,0.5078125
581936868,1.0
297939276,1.0
238526,0.803619384765625
347157393,0.5810546875
1647701550,0.75390625
1567054801,1.0
2136513437,0.803619384765625
1099845262,0.7265625
1658225597,1.0
1439335988,1.0
2126364432,0.6072387695312499
546285103,1.0
496394669,0.480682373046875
1683987321,0.548828125
452579148,0.7744140625
71872520,0.012725830078125
371553838,1.0
892006468,0.266845703125
84820627,0.2890625
582397270,0.34375
5656205,0.548828125
618971506,0.3876953125
489927574,0.629058837890625
1307906613,0.453125
278254142,1.0
1474202240,1.0
1933292214,0.548828125
679495648,0.548828125
804241044,1.0
314255549,0.79052734375
1364454086,0.5078125
1859522518,0.1796875
101592901,0.1795654296875
1307916091,0.79052734375
1584233744,1.0
55896052,0.012725830078125
1138546631,1.0
2008300354,1.0
724868017,1.0
906881677,0.75390625
938550938,0.2265625
228723612,1.0
1548991806,0.548828125
2120635974,0.5810546875
27437209,1.0
1116295151,1.0
477021467,1.0
1679709662,0.30175781249999994
1224296690,1.0
784163091,0.2890625
221287021,0.7744140625
1752409363,1.0
1490346767,1.0
390900890,1.0
1196672310,0.7265625
192177716,0.5078125
1370399493,0.7744140625
1566868218,1.0
1687238108,0.375
688477673,1.0
1838191595,0.00341796875
819361936,1.0
970908555,1.0
503913609,0.75390625
2028777895,0.453125
1760509409,0.6476058959960938
980619854,1.0
463596929,1.0
1904136293,0.5810546875
1040170697,0.79052734375
136612193,0.109375
1429236528,1.0
1059420494,0.0703125
113712825,0.7744140625
601898957,1.0
1189651272,0.1795654296875
1330113148,0.3876953125
1174351449,0.021484375
1552381106,1.0
877402892,0.7744140625
211339667,0.34375
1419857231,0.548828125
1216750747,1.0
1296765867,0.09228515625
1310617029,0.8145294189453125
68093465,0.79052734375
247162270,0.0224609375
1740119416,0.2265625
1414026211,1.0
1249807264,1.0
1755829418,1.0
2132369785,1.0
81788580,1.0
1362892730,0.266845703125
1013256816,0.1796875
1132835717,0.6072387695312499
295993327,0.34375
140994345,0.7744140625
1014291337,0.453125
1252763915,0.548828125
1568273506,0.237884521484375
1390521239,0.5810546875
2060902355,0.11846923828124999
545762055,0.548828125
159440875,0.125
613920297,0.75390625
662756461,0.7744140625
386601003,1.0
1627943731,0.629058837890625
350924044,0.7744140625
5434279,0.548828125
1919496873,0.5078125
1491230185,0.0078125
116581084,0.7265625
551729983,0.2890625
1022144652,0.548828125
585675315,0.30175781249999994
970170757,1.0
1473030441,0.6072387695312499
1663958893,0.2265625
1495977601,0.109375
778648183,1.0
660483219,0.5810546875
811084728,1.0
579569136,0.75390625
1677449021,0.454498291015625
1914672330,0.8145294189453125
13226313,1.0
1389755550,1.0
134316431,1.0
1070271862,0.125
2079592148,0.548828125
1620891271,0.3876953125
782004522,0.75390625
432708111,1.0
789689873,1.0
842955093,0.453125
1708996899,1.0
124237770,1.0
1828530269,0.30175781249999994
55212401,0.3876953125
389578526,1.0
50222667,0.4239501953125
288419696,1.0
1470471598,0.8145294189453125
1298572040,0.548828125
1533005250,0.09625244140625
979911560,0.2890625
1946520798,1.0
832622390,0.6875
349215093,0.548828125
916528993,0.4239501953125
1386741260,0.21875
827590410,0.34375
1855397402,1.0
1265333771,1.0
847986160,0.7265625
912508261,0.34375
767448875,0.548828125
1760520175,1.0
659108866,1.0
682281828,0.7265625
401941896,0.4239501953125
1710475091,0.34375
157726589,1.0
931857021,0.6875
1332553960,0.548828125
1055245413,1.0
1048959470,1.0
1000420511,0.75390625
499152301,0.548828125
688536362,1.0
1234038454,0.2265625
685452989,1.0
243629808,0.5810546875
841596393,0.5810546875
1856311470,1.0
961364451,0.2890625
1811639718,0.7744140625
1835951630,1.0
970021898,0.6072387695312499
1954517161,0.2890625
331084510,1.0
1481994005,0.34375
581292558,0.5810546875
1012892865,0.803619384765625
1195919109,0.1796875
521250289,0.75390625
211710181,0.14599609375
2131160640,0.79052734375
376508196,0.75390625
1948403874,0.0654296875
1662848086,0.7265625
2049983550,1.0
1443961132,0.4239501953125
1999349515,0.332305908203125
705028382,0.8145294189453125
39968343,0.3876953125
2016499828,0.453125
1166003583,0.266845703125
843398702,0.09228515625
1002805947,1.0
691085852,0.7265625
1329495198,1.0
162465428,0.6072387695312499
1029360124,1.0
56370281,1.0
1813029200,1.0
1405554892,1.0
1136689454,0.629058837890625
356626012,0.2265625
1198522255,0.803619384765625
1805224514,0.79052734375
2011557107,0.7265625
1592310989,0.75390625
1815393524,1.0
1258704557,0.03857421875
425788351,0.6072387695312499
829151846,1.0
1188740794,0.7744140625
613204215,0.79052734375
546529045,1.0
1083157914,1.0
310004858,0.625
1346163831,0.5810546875
1568245047,1.0
950259294,0.210113525390625
772837296,1.0
1171759820,1.0
1139380639,0.09228515625
843609677,1.0
1613739439,1.0
1088859277,1.0
441551343,0.30175781249999994
379360369,0.75390625
426305608,0.7744140625
1294741783,1.0
1449780367,0.2890625
1325714929,1.0
822279106,0.7744140625
1150142342,0.7265625
1047343939,1.0
406844130,0.5810546875
825050957,0.30175781249999994
2025535072,0.5810546875
1232300069,0.3876953125
227102828,0.629058837890625
1899157362,1.0
1928390491,0.5078125
2087821679,1.0
709595270,1.0
1801597570,0.79052734375
1170592958,0.5078125
908487648,1.0
1554872696,1.0
411943693,0.30175781249999994
737910704,0.7744140625
37712049,0.5078125
1085544713,0.6875
1322373617,1.0
22148426,0.09228515625
508385019,0.7265625
2038094783,1.0
634671828,0.79052734375
24080388,1.0
603244042,1.0
1825567586,0.79052734375
248258668,0.5810546875
658293511,1.0
1988663214,0.125
1925062923,1.0
805024699,1.0
1359485187,0.6072387695312499
738180241,0.548828125
880824605,0.125
586376467,1.0
832931710,1.0
2127849794,1.0
1658447484,0.03857421875
822093504,0.14599609375
109685794,1.0
351824806,1.0
148870994,0.14599609375
126394600,1.0
1655151580,0.2265625
1577546241,0.5810546875
2029824361,1.0
1253245875,1.0
1332028974,1.0
1866245106,0.629058837890625
317707154,0.75390625
795354056,0.803619384765625
1420339379,0.75390625
1430281142,0.454498291015625
2005889290,1.0
1427640728,0.237884521484375
2114793318,0.75390625
733217674,1.0
549189590,1.0
729217878,0.210113525390625
232922329,0.548828125
574016848,1.0
1866661942,0.75390625
124444330,0.5078125
1531687744,1.0
652937029,0.75390625
60380868,0.6875
1382065920,1.0
164112915,0.30175781249999994
1205352974,0.4239501953125
500489649,0.021484375
2086447388,1.0
2048041145,1.0
1971320033,0.4239501953125
382914975,1.0
1791512104,0.0390625
1862797683,0.548828125
465195516,1.0
694710589,1.0
1702875135,1.0
1566442517,0.1795654296875
1539505356,0.7744140625
632814474,1.0
267194829,0.548828125
367992052,1.0
1753796030,1.0
1135318254,1.0
1748540984,1.0
1108948082,1.0
1597924672,1.0
801887718,0.548828125
293706785,0.79052734375
795200094,0.14599609375
926309008,0.1795654296875
1457909968,0.7744140625
138878727,0.453125
1045402436,0.2265625
739301374,0.7744140625
1241377760,0.453125
1633560510,0.75390625
1791090970,0.1796875
1180623432,0.30175781249999994
1884402036,1.0
1282338478,1.0
344980260,0.75390625
159279776,1.0
989274362,1.0
910684199,0.210113525390625
236729447,1.0
1534563313,0.375
1787833989,0.8145294189453125
1300571525,1.0
388479340,0.548828125
447859711,1.0
627318937,0.5810546875
997404883,0.5078125
920266689,0.7265625
815143904,0.109375
1677590779,0.34375
619419499,1.0
956903266,0.79052734375
2140001075,0.03515625
1684706695,0.548828125
2037896791,0.5810546875
1914052653,1.0
804688912,0.75390625
1324994316,0.4239501953125
828119452,0.75390625
77130131,0.548828125
365114349,1.0
498312302,0.548828125
55949109,0.79052734375
1160756724,0.4239501953125
1996836179,0.332305908203125
1034748232,0.5078125
1954471998,1.0
1331835081,1.0
493796208,1.0
1727129404,1.0
1588239690,0.0390625
783075799,0.7744140625
807937774,1.0
4285588,0.5810546875
1957612846,1.0
555532119,0.0654296875
1678290822,0.5078125
1581954807,1.0
1253382037,0.09228515625
1604403642,0.7265625
47096696,1.0
346934632,1.0
2127937493,1.0
242472216,0.2890625
850938950,1.0
1022532191,1.0
494363095,0.210113525390625
1082128964,0.3876953125
756119351,0.7744140625
2009013514,1.0
555992931,0.2890625
281060043,1.0
1146655798,0.7265625
1766270426,1.0
336705009,0.6072387695312499
1564294630,0.30175781249999994
845411061,0.5078125
355169934,0.3876953125
1520814949,0.14599609375
360939816,1.0
2121446956,0.021484375
486724495,0.14599609375
653640597,0.2265625
1622355912,0.8238029479980469
735280853,0.5810546875
1309105810,0.1796875
262256801,0.1796875
1196626968,0.5810546875
1727603511,0.34375
328647659,0.021270751953125
305584278,0.34375
778766448,0.30175781249999994
236546543,0.2265625
784075577,1.0
1369367326,1.0
2042934959,0.237884521484375
1497458815,0.629058837890625
2063547538,0.34375
1593058516,0.012725830078125
1556593660,1.0
1582609970,0.7744140625
430110679,0.6875
527374511,0.3876953125
1748567602,1.0
953877109,0.548828125
839521879,0.34375
1026494031,1.0
514642807,1.0
1132877136,1.0
802566323,0.6072387695312499
2006837469,0.6072387695312499
1533569987,0.057373046875
1396119977,1.0
889799492,0.7744140625
442529920,0.3876953125
1980156541,1.0
19464815,0.5078125
1732931615,0.3876953125
1987691257,1.0
551909294,1.0
2064579328,0.30175781249999994
1359199294,0.79052734375
848738998,0.4239501953125
1051594165,1.0
676779616,0.75390625
723410267,0.5810546875
2109574589,0.3876953125
2095548556,1.0
673770326,0.34375
300814531,0.7744140625
264688742,1.0
1663380510,1.0
651554931,1.0
1470229140,1.0
807109979,1.0
1250609537,0.2265625
776571559,1.0
856801804,0.548828125
