seed,decision_tree,logistic_regression,random_forest,svm
698843271,0.7989130434782609,0.8913043478260869,0.8913043478260869,0.8858695652173914
1791653617,0.7880434782608695,0.8369565217391305,0.8369565217391305,0.842391304347826
493240704,0.8043478260869565,0.8641304347826086,0.8913043478260869,0.8804347826086957
613678182,0.7934782608695652,0.8641304347826086,0.8804347826086957,0.842391304347826
370267345,0.7391304347826086,0.8043478260869565,0.7934782608695652,0.8097826086956522
156269147,0.8152173913043478,0.9021739130434783,0.907608695652174,0.907608695652174
835823359,0.8043478260869565,0.8315217391304348,0.8532608695652174,0.842391304347826
143124570,0.8043478260869565,0.8641304347826086,0.9130434782608695,0.8695652173913043
593530112,0.7989130434782609,0.8641304347826086,0.8967391304347826,0.8804347826086957
1955547732,0.8097826086956522,0.8586956521739131,0.8967391304347826,0.8586956521739131
1299633696,0.8152173913043478,0.8206521739130435,0.8315217391304348,0.8532608695652174
1319945545,0.8532608695652174,0.9021739130434783,0.9239130434782609,0.9347826086956522
951527159,0.8260869565217391,0.8641304347826086,0.8586956521739131,0.8695652173913043
533277282,0.8260869565217391,0.8913043478260869,0.8641304347826086,0.8804347826086957
1844529903,0.782608695652174,0.8641304347826086,0.8804347826086957,0.875
337779951,0.8478260869565217,0.8586956521739131,0.8641304347826086,0.8586956521739131
1605697108,0.8206521739130435,0.8967391304347826,0.9239130434782609,0.9021739130434783
393905665,0.8152173913043478,0.8913043478260869,0.9021739130434783,0.875
1089324843,0.782608695652174,0.8804347826086957,0.8967391304347826,0.8804347826086957
1402323008,0.7934782608695652,0.8804347826086957,0.8858695652173914,0.8858695652173914
156949210,0.8315217391304348,0.8804347826086957,0.8967391304347826,0.875
1990994663,0.8152173913043478,0.8695652173913043,0.8695652173913043,0.8478260869565217
1580573371,0.782608695652174,0.8097826086956522,0.842391304347826,0.8315217391304348
1151273762,0.8369565217391305,0.8586956521739131,0.8641304347826086,0.8695652173913043
813885346,0.7608695652173914,0.8478260869565217,0.8641304347826086,0.8695652173913043
707837483,0.7989130434782609,0.8695652173913043,0.8913043478260869,0.8641304347826086
1513453699,0.8097826086956522,0.8804347826086957,0.8967391304347826,0.8967391304347826
329302885,0.842391304347826,0.8532608695652174,0.8532608695652174,0.8478260869565217
1215510387,0.7663043478260869,0.8586956521739131,0.8586956521739131,0.8641304347826086
2121254660,0.8043478260869565,0.8586956521739131,0.8478260869565217,0.8641304347826086
142124934,0.8043478260869565,0.8695652173913043,0.8695652173913043,0.8804347826086957
1782876137,0.7663043478260869,0.8586956521739131,0.842391304347826,0.8695652173913043
1400288726,0.7554347826086957,0.842391304347826,0.8532608695652174,0.8641304347826086
248965869,0.7663043478260869,0.8586956521739131,0.8152173913043478,0.842391304347826
1166397091,0.7663043478260869,0.8804347826086957,0.8532608695652174,0.8532608695652174
412440864,0.8097826086956522,0.8913043478260869,0.9184782608695652,0.9021739130434783
1249029682,0.8206521739130435,0.875,0.8967391304347826,0.875
1552749702,0.8097826086956522,0.8804347826086957,0.8804347826086957,0.875
679348496,0.8260869565217391,0.8532608695652174,0.8478260869565217,0.8315217391304348
1048923416,0.7989130434782609,0.8641304347826086,0.8641304347826086,0.8641304347826086
2145517570,0.7717391304347826,0.8532608695652174,0.842391304347826,0.8478260869565217
692948886,0.8260869565217391,0.8913043478260869,0.8641304347826086,0.875
381359917,0.7771739130434783,0.8641304347826086,0.8586956521739131,0.8695652173913043
386665897,0.7663043478260869,0.7989130434782609,0.8478260869565217,0.842391304347826
1128844424,0.8043478260869565,0.8858695652173914,0.8532608695652174,0.9021739130434783
1506001768,0.7608695652173914,0.8478260869565217,0.8641304347826086,0.8641304347826086
728785454,0.7608695652173914,0.8206521739130435,0.8097826086956522,0.8206521739130435
1249880050,0.7934782608695652,0.8478260869565217,0.8586956521739131,0.8478260869565217
372853081,0.782608695652174,0.842391304347826,0.8641304347826086,0.8532608695652174
2100356171,0.7608695652173914,0.8315217391304348,0.8369565217391305,0.8260869565217391
1527385356,0.7282608695652174,0.8206521739130435,0.7934782608695652,0.8097826086956522
2079874157,0.8043478260869565,0.842391304347826,0.8913043478260869,0.8695652173913043
1078366534,0.7336956521739131,0.8478260869565217,0.8532608695652174,0.8260869565217391
1061195275,0.7554347826086957,0.842391304347826,0.842391304347826,0.8369565217391305
1287232119,0.7989130434782609,0.8478260869565217,0.8532608695652174,0.842391304347826
763552511,0.7608695652173914,0.8206521739130435,0.8478260869565217,0.8532608695652174
656499585,0.7934782608695652,0.8858695652173914,0.875,0.875
1900277080,0.7771739130434783,0.8695652173913043,0.8641304347826086,0.8641304347826086
1783173823,0.8097826086956522,0.8315217391304348,0.8532608695652174,0.8478260869565217
487784854,0.7771739130434783,0.8369565217391305,0.8586956521739131,0.8586956521739131
1770968334,0.7663043478260869,0.8532608695652174,0.842391304347826,0.842391304347826
287868995,0.8260869565217391,0.8641304347826086,0.8967391304347826,0.8478260869565217
2098831143,0.7336956521739131,0.8641304347826086,0.8369565217391305,0.842391304347826
2126050261,0.8097826086956522,0.8695652173913043,0.8858695652173914,0.8695652173913043
1948384257,0.7771739130434783,0.8369565217391305,0.8315217391304348,0.8532608695652174
1418454448,0.7934782608695652,0.875,0.8586956521739131,0.8695652173913043
1054775224,0.7880434782608695,0.842391304347826,0.8641304347826086,0.8586956521739131
1463816757,0.8260869565217391,0.8858695652173914,0.9239130434782609,0.9130434782608695
1593675581,0.7989130434782609,0.8804347826086957,0.907608695652174,0.8804347826086957
799733665,0.717391304347826,0.7989130434782609,0.8260869565217391,0.8260869565217391
1843054196,0.7989130434782609,0.8586956521739131,0.8532608695652174,0.8369565217391305
353984068,0.842391304347826,0.8478260869565217,0.8695652173913043,0.8695652173913043
1750615352,0.8043478260869565,0.9021739130434783,0.8967391304347826,0.8532608695652174
360187555,0.782608695652174,0.875,0.8967391304347826,0.875
279705469,0.7934782608695652,0.8858695652173914,0.8858695652173914,0.8586956521739131
1210164804,0.7989130434782609,0.8478260869565217,0.8804347826086957,0.8641304347826086
1477281101,0.8206521739130435,0.875,0.8804347826086957,0.8804347826086957
1122277455,0.8043478260869565,0.8858695652173914,0.8641304347826086,0.8641304347826086
1881193406,0.782608695652174,0.8369565217391305,0.8369565217391305,0.8478260869565217
1130839594,0.7663043478260869,0.907608695652174,0.8913043478260869,0.9130434782608695
234935008,0.7717391304347826,0.8532608695652174,0.8478260869565217,0.8532608695652174
57845001,0.8043478260869565,0.8858695652173914,0.8913043478260869,0.8804347826086957
1824463097,0.7554347826086957,0.8913043478260869,0.8858695652173914,0.8478260869565217
986807428,0.7282608695652174,0.8478260869565217,0.8532608695652174,0.8260869565217391
1230302164,0.8369565217391305,0.8532608695652174,0.8641304347826086,0.8532608695652174
1423898005,0.7934782608695652,0.8913043478260869,0.8858695652173914,0.8967391304347826
1973404817,0.782608695652174,0.8804347826086957,0.8369565217391305,0.8641304347826086
886792422,0.8152173913043478,0.8858695652173914,0.9021739130434783,0.907608695652174
524437858,0.8369565217391305,0.8858695652173914,0.9130434782608695,0.9184782608695652
2111427778,0.7771739130434783,0.8641304347826086,0.8804347826086957,0.8913043478260869
1143266066,0.75,0.8315217391304348,0.842391304347826,0.8478260869565217
520155717,0.8152173913043478,0.8967391304347826,0.8967391304347826,0.907608695652174
1570976675,0.8206521739130435,0.8804347826086957,0.875,0.8913043478260869
47389880,0.7989130434782609,0.8586956521739131,0.8586956521739131,0.8532608695652174
1856805586,0.7554347826086957,0.8478260869565217,0.8858695652173914,0.8804347826086957
333143030,0.8369565217391305,0.8913043478260869,0.8804347826086957,0.8804347826086957
1641657465,0.75,0.8641304347826086,0.875,0.875
1140918586,0.7989130434782609,0.875,0.8695652173913043,0.8913043478260869
1500466889,0.8206521739130435,0.8641304347826086,0.8695652173913043,0.8695652173913043
1780940307,0.8043478260869565,0.8695652173913043,0.8804347826086957,0.8641304347826086
1711696198,0.8260869565217391,0.8369565217391305,0.8478260869565217,0.8369565217391305
1326055937,0.8369565217391305,0.8478260869565217,0.842391304347826,0.8532608695652174
17462500,0.8315217391304348,0.8858695652173914,0.8858695652173914,0.8532608695652174
2102715721,0.7771739130434783,0.8478260869565217,0.8641304347826086,0.842391304347826
2052392117,0.7934782608695652,0.8804347826086957,0.9021739130434783,0.907608695652174
4553630,0.8206521739130435,0.8858695652173914,0.8967391304347826,0.8967391304347826
540622383,0.7934782608695652,0.8967391304347826,0.8804347826086957,0.8478260869565217
920543739,0.7445652173913043,0.8804347826086957,0.8913043478260869,0.8858695652173914
1886087851,0.7989130434782609,0.8586956521739131,0.8804347826086957,0.8641304347826086
1638252046,0.8315217391304348,0.8478260869565217,0.8858695652173914,0.875
1185246075,0.7880434782608695,0.8858695652173914,0.9021739130434783,0.8913043478260869
350223570,0.7934782608695652,0.8913043478260869,0.8804347826086957,0.8858695652173914
792482140,0.782608695652174,0.8586956521739131,0.8532608695652174,0.8695652173913043
791752010,0.8043478260869565,0.8532608695652174,0.8858695652173914,0.8641304347826086
396424486,0.7880434782608695,0.8206521739130435,0.8804347826086957,0.8260869565217391
8854162,0.7771739130434783,0.8478260869565217,0.8695652173913043,0.8532608695652174
1913000454,0.7771739130434783,0.8260869565217391,0.8478260869565217,0.8586956521739131
36721787,0.8260869565217391,0.8858695652173914,0.8967391304347826,0.8913043478260869
115592621,0.8260869565217391,0.907608695652174,0.907608695652174,0.9239130434782609
241868183,0.7717391304347826,0.8532608695652174,0.8532608695652174,0.8586956521739131
1343755192,0.7934782608695652,0.842391304347826,0.8532608695652174,0.8532608695652174
1015057819,0.7608695652173914,0.8369565217391305,0.8206521739130435,0.842391304347826
1951359289,0.8206521739130435,0.8641304347826086,0.8695652173913043,0.8695652173913043
104208179,0.8152173913043478,0.875,0.8804347826086957,0.8858695652173914
928419030,0.7608695652173914,0.8586956521739131,0.8478260869565217,0.8532608695652174
561176345,0.8369565217391305,0.8913043478260869,0.8858695652173914,0.8858695652173914
484670045,0.7934782608695652,0.8532608695652174,0.8695652173913043,0.8478260869565217
534362164,0.7663043478260869,0.875,0.875,0.8695652173913043
233421513,0.7880434782608695,0.8478260869565217,0.8478260869565217,0.8695652173913043
1454460042,0.8206521739130435,0.8478260869565217,0.8913043478260869,0.8586956521739131
103769033,0.7663043478260869,0.8369565217391305,0.8695652173913043,0.8369565217391305
84431613,0.7989130434782609,0.8532608695652174,0.8478260869565217,0.8641304347826086
369469125,0.7554347826086957,0.8315217391304348,0.8315217391304348,0.842391304347826
1651425125,0.7608695652173914,0.8913043478260869,0.8858695652173914,0.8913043478260869
1524898506,0.8260869565217391,0.875,0.907608695652174,0.8804347826086957
878408582,0.8043478260869565,0.8478260869565217,0.8478260869565217,0.8695652173913043
756597112,0.8043478260869565,0.8478260869565217,0.8641304347826086,0.842391304347826
750503008,0.7663043478260869,0.8586956521739131,0.8532608695652174,0.8532608695652174
1079436288,0.7771739130434783,0.8315217391304348,0.8695652173913043,0.8532608695652174
864803182,0.7717391304347826,0.8369565217391305,0.8532608695652174,0.8315217391304348
678896695,0.7771739130434783,0.8858695652173914,0.9184782608695652,0.8967391304347826
1186879765,0.8097826086956522,0.8858695652173914,0.8858695652173914,0.9021739130434783
2062125815,0.8097826086956522,0.8695652173913043,0.8695652173913043,0.875
1030326948,0.7989130434782609,0.8586956521739131,0.8804347826086957,0.875
1193753799,0.8260869565217391,0.8913043478260869,0.9021739130434783,0.8967391304347826
312745439,0.7771739130434783,0.842391304347826,0.875,0.8641304347826086
1927950892,0.8206521739130435,0.8586956521739131,0.8804347826086957,0.875
354207689,0.8532608695652174,0.8913043478260869,0.9021739130434783,0.8804347826086957
1921762059,0.782608695652174,0.8532608695652174,0.9021739130434783,0.8913043478260869
315790489,0.8097826086956522,0.875,0.8641304347826086,0.8532608695652174
277214475,0.8206521739130435,0.8641304347826086,0.907608695652174,0.9021739130434783
773877917,0.7717391304347826,0.8967391304347826,0.8967391304347826,0.8967391304347826
301368534,0.7717391304347826,0.8695652173913043,0.8967391304347826,0.8804347826086957
1437068220,0.7717391304347826,0.8804347826086957,0.907608695652174,0.9130434782608695
2053435858,0.7989130434782609,0.8586956521739131,0.8532608695652174,0.8586956521739131
1118481775,0.8097826086956522,0.8804347826086957,0.8695652173913043,0.8858695652173914
243021692,0.7608695652173914,0.842391304347826,0.8478260869565217,0.8532608695652174
22815287,0.8152173913043478,0.8532608695652174,0.875,0.8695652173913043
1725312552,0.7771739130434783,0.875,0.8804347826086957,0.8858695652173914
394709803,0.8043478260869565,0.8695652173913043,0.9130434782608695,0.907608695652174
534129526,0.7934782608695652,0.8695652173913043,0.875,0.8586956521739131
118154545,0.7880434782608695,0.8695652173913043,0.875,0.875
2038988206,0.7880434782608695,0.8478260869565217,0.8586956521739131,0.8641304347826086
1062338532,0.8043478260869565,0.8586956521739131,0.8478260869565217,0.842391304347826
554368842,0.7934782608695652,0.8478260869565217,0.8478260869565217,0.8641304347826086
2127924446,0.7771739130434783,0.8478260869565217,0.875,0.8532608695652174
1178602542,0.7989130434782609,0.8858695652173914,0.875,0.8695652173913043
888174189,0.7934782608695652,0.8152173913043478,0.8586956521739131,0.8369565217391305
242509716,0.8260869565217391,0.8586956521739131,0.875,0.8695652173913043
1961698358,0.782608695652174,0.8532608695652174,0.8695652173913043,0.8586956521739131
1272992118,0.782608695652174,0.8478260869565217,0.8695652173913043,0.8641304347826086
59374124,0.7771739130434783,0.8152173913043478,0.8532608695652174,0.8478260869565217
1917856656,0.8043478260869565,0.8532608695652174,0.8858695652173914,0.8804347826086957
1698029982,0.7771739130434783,0.875,0.8695652173913043,0.8532608695652174
1034334200,0.7989130434782609,0.8586956521739131,0.8641304347826086,0.8641304347826086
66199423,0.8097826086956522,0.8478260869565217,0.8586956521739131,0.8695652173913043
1997466222,0.7282608695652174,0.8478260869565217,0.8586956521739131,0.8478260869565217
121376839,0.7880434782608695,0.8369565217391305,0.8695652173913043,0.875
2130702841,0.7880434782608695,0.8478260869565217,0.8913043478260869,0.8804347826086957
1736081903,0.8043478260869565,0.8641304347826086,0.8913043478260869,0.8804347826086957
2068501578,0.782608695652174,0.8695652173913043,0.8586956521739131,0.8369565217391305
1294390893,0.7880434782608695,0.8586956521739131,0.8695652173913043,0.8641304347826086
1660038460,0.8260869565217391,0.8369565217391305,0.8586956521739131,0.8586956521739131
1363611450,0.8043478260869565,0.842391304347826,0.8315217391304348,0.8206521739130435
1585433823,0.7880434782608695,0.8586956521739131,0.8913043478260869,0.8913043478260869
668852678,0.8152173913043478,0.8586956521739131,0.8641304347826086,0.8641304347826086
1586237306,0.7717391304347826,0.8641304347826086,0.8695652173913043,0.842391304347826
1582534102,0.8043478260869565,0.8913043478260869,0.8586956521739131,0.8369565217391305
1734430177,0.7717391304347826,0.8695652173913043,0.8804347826086957,0.8804347826086957
1318253049,0.7771739130434783,0.8369565217391305,0.8586956521739131,0.8695652173913043
1454353809,0.7554347826086957,0.8695652173913043,0.8967391304347826,0.875
1119311578,0.7663043478260869,0.8913043478260869,0.8641304347826086,0.875
790568255,0.7989130434782609,0.8478260869565217,0.8478260869565217,0.8532608695652174
1340530909,0.782608695652174,0.8206521739130435,0.8260869565217391,0.8260869565217391
1586285802,0.8260869565217391,0.8804347826086957,0.8695652173913043,0.8804347826086957
283036843,0.782608695652174,0.8804347826086957,0.8695652173913043,0.8695652173913043
1716623761,0.7989130434782609,0.875,0.8858695652173914,0.875
1736585609,0.7771739130434783,0.8804347826086957,0.8695652173913043,0.875
265669499,0.7880434782608695,0.8532608695652174,0.875,0.8804347826086957
2106707916,0.8097826086956522,0.8315217391304348,0.8315217391304348,0.8315217391304348
888262545,0.8260869565217391,0.9184782608695652,0.9347826086956522,0.9402173913043478
81049871,0.8097826086956522,0.8913043478260869,0.8804347826086957,0.8858695652173914
1079361667,0.8152173913043478,0.8586956521739131,0.8913043478260869,0.8858695652173914
849051646,0.75,0.8586956521739131,0.8858695652173914,0.8532608695652174
1152013290,0.7717391304347826,0.8532608695652174,0.8695652173913043,0.8586956521739131
1406946167,0.8152173913043478,0.8967391304347826,0.8641304347826086,0.8804347826086957
1408550762,0.8043478260869565,0.8532608695652174,0.875,0.842391304347826
299515287,0.7989130434782609,0.907608695652174,0.8967391304347826,0.9130434782608695
1627835366,0.7663043478260869,0.8858695652173914,0.8695652173913043,0.8695652173913043
998252539,0.8152173913043478,0.8260869565217391,0.8586956521739131,0.8206521739130435
740884847,0.8260869565217391,0.8586956521739131,0.8586956521739131,0.8586956521739131
506436474,0.8152173913043478,0.8641304347826086,0.8913043478260869,0.8695652173913043
72001738,0.8206521739130435,0.8641304347826086,0.8695652173913043,0.8695652173913043
2029752240,0.75,0.8532608695652174,0.8641304347826086,0.8532608695652174
1374149609,0.7391304347826086,0.8641304347826086,0.8586956521739131,0.8641304347826086
950191007,0.7989130434782609,0.8804347826086957,0.8641304347826086,0.8641304347826086
627828043,0.7663043478260869,0.8206521739130435,0.8369565217391305,0.8315217391304348
532729051,0.7771739130434783,0.8532608695652174,0.842391304347826,0.8532608695652174
1189916378,0.7771739130434783,0.8586956521739131,0.8641304347826086,0.8532608695652174
1794500272,0.7717391304347826,0.8532608695652174,0.8695652173913043,0.875
332573650,0.8260869565217391,0.8641304347826086,0.907608695652174,0.9021739130434783
1391158912,0.842391304347826,0.8858695652173914,0.875,0.875
839303032,0.75,0.8206521739130435,0.8315217391304348,0.8260869565217391
1536453817,0.7663043478260869,0.842391304347826,0.8478260869565217,0.8586956521739131
70096781,0.7771739130434783,0.8695652173913043,0.875,0.8804347826086957
1906886291,0.8043478260869565,0.8858695652173914,0.875,0.9184782608695652
1126224774,0.7989130434782609,0.8097826086956522,0.8260869565217391,0.8586956521739131
435817167,0.8043478260869565,0.8478260869565217,0.8586956521739131,0.8478260869565217
766431470,0.8260869565217391,0.842391304347826,0.8260869565217391,0.8152173913043478
1148030822,0.8152173913043478,0.875,0.8913043478260869,0.8858695652173914
562859874,0.7934782608695652,0.875,0.8586956521739131,0.8804347826086957
192310379,0.8043478260869565,0.8641304347826086,0.8858695652173914,0.8586956521739131
35482365,0.7282608695652174,0.8858695652173914,0.8804347826086957,0.8804347826086957
584129290,0.8152173913043478,0.8641304347826086,0.842391304347826,0.8695652173913043
1966199335,0.7554347826086957,0.8641304347826086,0.8641304347826086,0.8695652173913043
546991807,0.842391304347826,0.8858695652173914,0.907608695652174,0.875
1786913346,0.8260869565217391,0.8913043478260869,0.8858695652173914,0.875
866053685,0.8260869565217391,0.8641304347826086,0.875,0.8478260869565217
450391046,0.8152173913043478,0.8913043478260869,0.8967391304347826,0.8913043478260869
603469045,0.7989130434782609,0.8858695652173914,0.8967391304347826,0.8695652173913043
1183297255,0.8152173913043478,0.8532608695652174,0.875,0.8532608695652174
871227286,0.8260869565217391,0.8967391304347826,0.9130434782608695,0.9021739130434783
1402435601,0.8315217391304348,0.842391304347826,0.8695652173913043,0.8695652173913043
1183883141,0.75,0.8913043478260869,0.8641304347826086,0.8804347826086957
304884780,0.75,0.8532608695652174,0.8804347826086957,0.8695652173913043
926247806,0.7934782608695652,0.8043478260869565,0.7934782608695652,0.7989130434782609
753789091,0.8586956521739131,0.8967391304347826,0.8913043478260869,0.8967391304347826
1313598646,0.8043478260869565,0.8858695652173914,0.8695652173913043,0.8804347826086957
1292770478,0.8097826086956522,0.9021739130434783,0.8858695652173914,0.8967391304347826
340720469,0.75,0.8586956521739131,0.8641304347826086,0.8695652173913043
247259338,0.7989130434782609,0.8641304347826086,0.8858695652173914,0.875
1168536995,0.7880434782608695,0.8532608695652174,0.8478260869565217,0.8478260869565217
1072466540,0.8152173913043478,0.8641304347826086,0.8586956521739131,0.8532608695652174
841217608,0.8043478260869565,0.8260869565217391,0.8695652173913043,0.842391304347826
1411656602,0.8097826086956522,0.8967391304347826,0.9021739130434783,0.8641304347826086
596053354,0.782608695652174,0.875,0.875,0.8695652173913043
694040702,0.7989130434782609,0.8858695652173914,0.8586956521739131,0.8913043478260869
976600590,0.7989130434782609,0.8858695652173914,0.9021739130434783,0.8967391304347826
972449552,0.7934782608695652,0.8315217391304348,0.8532608695652174,0.842391304347826
1063375252,0.8206521739130435,0.875,0.8967391304347826,0.8913043478260869
1334191430,0.8369565217391305,0.8695652173913043,0.8858695652173914,0.8804347826086957
332351684,0.8097826086956522,0.8641304347826086,0.8478260869565217,0.842391304347826
2138777173,0.782608695652174,0.8641304347826086,0.8641304347826086,0.8641304347826086
414781028,0.7934782608695652,0.8695652173913043,0.875,0.8858695652173914
583251107,0.7989130434782609,0.8858695652173914,0.8641304347826086,0.8695652173913043
933138757,0.7717391304347826,0.875,0.8478260869565217,0.8695652173913043
290270235,0.7934782608695652,0.8369565217391305,0.8315217391304348,0.8532608695652174
23709836,0.8478260869565217,0.8913043478260869,0.8804347826086957,0.8804347826086957
1636153285,0.8152173913043478,0.8641304347826086,0.875,0.8532608695652174
450430834,0.7880434782608695,0.907608695652174,0.9021739130434783,0.8913043478260869
1780142852,0.782608695652174,0.8532608695652174,0.8695652173913043,0.8532608695652174
2104236961,0.8369565217391305,0.8586956521739131,0.8532608695652174,0.8532608695652174
1042773959,0.7663043478260869,0.8858695652173914,0.8641304347826086,0.8532608695652174
731042537,0.8097826086956522,0.8586956521739131,0.8858695652173914,0.8586956521739131
1962642749,0.7880434782608695,0.842391304347826,0.8641304347826086,0.842391304347826
903160832,0.8260869565217391,0.8695652173913043,0.8478260869565217,0.875
2046362233,0.717391304347826,0.8152173913043478,0.8478260869565217,0.8369565217391305
1570685397,0.7771739130434783,0.8586956521739131,0.8804347826086957,0.8858695652173914
102414484,0.8152173913043478,0.8260869565217391,0.842391304347826,0.8260869565217391
1292519607,0.7554347826086957,0.8478260869565217,0.8478260869565217,0.8641304347826086
745657169,0.8369565217391305,0.8532608695652174,0.8858695652173914,0.8641304347826086
30211543,0.8043478260869565,0.8695652173913043,0.8804347826086957,0.8967391304347826
1528545197,0.7934782608695652,0.8695652173913043,0.8586956521739131,0.8532608695652174
1029485465,0.8478260869565217,0.8641304347826086,0.8695652173913043,0.9021739130434783
1713209629,0.7608695652173914,0.8206521739130435,0.8315217391304348,0.8152173913043478
1541382836,0.7717391304347826,0.8152173913043478,0.8206521739130435,0.8478260869565217
1123652359,0.782608695652174,0.8858695652173914,0.8913043478260869,0.8858695652173914
294050347,0.7989130434782609,0.8804347826086957,0.8695652173913043,0.875
1361399685,0.7989130434782609,0.875,0.875,0.8695652173913043
1475484617,0.8260869565217391,0.9021739130434783,0.907608695652174,0.8858695652173914
1768350784,0.7934782608695652,0.8532608695652174,0.8586956521739131,0.8641304347826086
915802403,0.7989130434782609,0.8315217391304348,0.8641304347826086,0.842391304347826
692184321,0.7663043478260869,0.8532608695652174,0.8586956521739131,0.8532608695652174
167787019,0.7989130434782609,0.8532608695652174,0.8641304347826086,0.8586956521739131
720906646,0.7989130434782609,0.8967391304347826,0.8695652173913043,0.8641304347826086
98112580,0.8043478260869565,0.8532608695652174,0.8586956521739131,0.8206521739130435
1051171143,0.8043478260869565,0.8478260869565217,0.8532608695652174,0.842391304347826
323820950,0.7717391304347826,0.8967391304347826,0.8913043478260869,0.8532608695652174
1253181732,0.8206521739130435,0.842391304347826,0.8586956521739131,0.8586956521739131
980306635,0.7445652173913043,0.8369565217391305,0.8315217391304348,0.8478260869565217
1808309256,0.782608695652174,0.8478260869565217,0.875,0.8641304347826086
1666376185,0.8097826086956522,0.8586956521739131,0.8967391304347826,0.875
1819457324,0.7989130434782609,0.8858695652173914,0.8695652173913043,0.8913043478260869
479942422,0.8043478260869565,0.8641304347826086,0.8695652173913043,0.8586956521739131
1944876172,0.7717391304347826,0.8369565217391305,0.842391304347826,0.8532608695652174
476650770,0.7663043478260869,0.8641304347826086,0.842391304347826,0.8586956521739131
1679678491,0.7934782608695652,0.8858695652173914,0.9021739130434783,0.9021739130434783
1917145040,0.8206521739130435,0.842391304347826,0.8804347826086957,0.8641304347826086
1860425699,0.8315217391304348,0.8532608695652174,0.8967391304347826,0.8858695652173914
444488501,0.75,0.8478260869565217,0.8369565217391305,0.842391304347826
640425698,0.8097826086956522,0.9021739130434783,0.9239130434782609,0.907608695652174
1480668476,0.782608695652174,0.875,0.8804347826086957,0.8586956521739131
1278484628,0.7228260869565217,0.8097826086956522,0.8043478260869565,0.7989130434782609
936391627,0.7934782608695652,0.8641304347826086,0.8532608695652174,0.8532608695652174
1793945627,0.7989130434782609,0.8695652173913043,0.8967391304347826,0.8695652173913043
5698259,0.7663043478260869,0.8695652173913043,0.8804347826086957,0.8695652173913043
1320811065,0.7934782608695652,0.8641304347826086,0.842391304347826,0.8478260869565217
45755345,0.7880434782608695,0.8641304347826086,0.842391304347826,0.8532608695652174
1052523138,0.8043478260869565,0.8532608695652174,0.875,0.8695652173913043
582558164,0.8369565217391305,0.8586956521739131,0.8804347826086957,0.8695652173913043
1741023205,0.8206521739130435,0.875,0.8695652173913043,0.875
2034983024,0.7717391304347826,0.9021739130434783,0.8695652173913043,0.8695652173913043
297573082,0.8043478260869565,0.8532608695652174,0.8586956521739131,0.8641304347826086
1501856497,0.8152173913043478,0.875,0.9130434782608695,0.8913043478260869
353590483,0.7880434782608695,0.8532608695652174,0.8695652173913043,0.8695652173913043
151898374,0.8097826086956522,0.8478260869565217,0.8532608695652174,0.8260869565217391
930831061,0.8097826086956522,0.8586956521739131,0.8641304347826086,0.8532608695652174
1421661665,0.7880434782608695,0.8315217391304348,0.8532608695652174,0.8586956521739131
237329221,0.8206521739130435,0.8641304347826086,0.8586956521739131,0.8532608695652174
1244344816,0.7934782608695652,0.8206521739130435,0.8586956521739131,0.842391304347826
220763390,0.8152173913043478,0.8369565217391305,0.8695652173913043,0.8532608695652174
873437290,0.8206521739130435,0.8858695652173914,0.8804347826086957,0.8695652173913043
2074377956,0.8532608695652174,0.8532608695652174,0.8641304347826086,0.8478260869565217
399037795,0.782608695652174,0.8478260869565217,0.8586956521739131,0.8641304347826086
885881171,0.8260869565217391,0.8913043478260869,0.8913043478260869,0.907608695652174
1124905025,0.8206521739130435,0.8586956521739131,0.8804347826086957,0.8641304347826086
1945630487,0.7880434782608695,0.8260869565217391,0.842391304347826,0.8478260869565217
1072312721,0.75,0.875,0.8858695652173914,0.8804347826086957
700960641,0.7880434782608695,0.875,0.875,0.8913043478260869
1242205791,0.8152173913043478,0.8641304347826086,0.875,0.8641304347826086
709206213,0.8043478260869565,0.8586956521739131,0.875,0.8641304347826086
150792631,0.782608695652174,0.8804347826086957,0.8532608695652174,0.8586956521739131
81917935,0.8369565217391305,0.8315217391304348,0.8532608695652174,0.8315217391304348
1423531748,0.7445652173913043,0.8695652173913043,0.8532608695652174,0.8695652173913043
1410148909,0.8478260869565217,0.8641304347826086,0.875,0.8532608695652174
2127196113,0.8043478260869565,0.8586956521739131,0.8586956521739131,0.8478260869565217
85640236,0.8206521739130435,0.8858695652173914,0.907608695652174,0.8967391304347826
593616932,0.782608695652174,0.8804347826086957,0.875,0.875
1036118977,0.8478260869565217,0.8586956521739131,0.875,0.8695652173913043
1838822385,0.7554347826086957,0.8315217391304348,0.8532608695652174,0.8206521739130435
1773174734,0.7445652173913043,0.7934782608695652,0.8206521739130435,0.7934782608695652
2029477594,0.8043478260869565,0.8913043478260869,0.8858695652173914,0.9021739130434783
1116356394,0.8206521739130435,0.8532608695652174,0.875,0.8641304347826086
333262566,0.7554347826086957,0.875,0.8695652173913043,0.8641304347826086
43121463,0.7989130434782609,0.8315217391304348,0.8641304347826086,0.842391304347826
1168234388,0.7989130434782609,0.875,0.8532608695652174,0.875
58782912,0.7934782608695652,0.8913043478260869,0.8641304347826086,0.875
747706778,0.7663043478260869,0.8315217391304348,0.8641304347826086,0.8641304347826086
652636424,0.8260869565217391,0.8586956521739131,0.8641304347826086,0.8695652173913043
557379365,0.7554347826086957,0.8532608695652174,0.8586956521739131,0.8532608695652174
35038454,0.7608695652173914,0.8315217391304348,0.8586956521739131,0.8586956521739131
1307094579,0.7608695652173914,0.8586956521739131,0.8369565217391305,0.8641304347826086
641328687,0.842391304347826,0.8586956521739131,0.8641304347826086,0.9021739130434783
1029967937,0.7010869565217391,0.8478260869565217,0.8315217391304348,0.8532608695652174
1276927708,0.7771739130434783,0.8641304347826086,0.8532608695652174,0.875
1842915955,0.8206521739130435,0.8804347826086957,0.9130434782608695,0.8858695652173914
99494448,0.7934782608695652,0.8532608695652174,0.8641304347826086,0.8315217391304348
1818176082,0.8043478260869565,0.8695652173913043,0.8913043478260869,0.8858695652173914
627770123,0.8043478260869565,0.875,0.8695652173913043,0.8641304347826086
1822686936,0.7771739130434783,0.875,0.8695652173913043,0.875
449510988,0.717391304347826,0.8369565217391305,0.8478260869565217,0.8641304347826086
654710547,0.7880434782608695,0.8532608695652174,0.8532608695652174,0.8478260869565217
2052944477,0.7717391304347826,0.8804347826086957,0.875,0.8804347826086957
1745940059,0.8097826086956522,0.8369565217391305,0.8695652173913043,0.875
1337746162,0.8097826086956522,0.8913043478260869,0.9021739130434783,0.9021739130434783
1616859554,0.8097826086956522,0.9021739130434783,0.8858695652173914,0.9130434782608695
2018558960,0.7663043478260869,0.875,0.875,0.8641304347826086
1521566634,0.8206521739130435,0.8695652173913043,0.8858695652173914,0.8532608695652174
1156354970,0.7717391304347826,0.8586956521739131,0.8369565217391305,0.8532608695652174
635497189,0.7391304347826086,0.8695652173913043,0.8586956521739131,0.8586956521739131
689506969,0.8097826086956522,0.875,0.8913043478260869,0.8913043478260869
909498462,0.8097826086956522,0.8804347826086957,0.9239130434782609,0.9130434782608695
1481494771,0.7717391304347826,0.8315217391304348,0.8315217391304348,0.842391304347826
856436449,0.7554347826086957,0.8586956521739131,0.8369565217391305,0.8315217391304348
2117476630,0.7989130434782609,0.8641304347826086,0.8695652173913043,0.8532608695652174
719945938,0.7880434782608695,0.8260869565217391,0.8369565217391305,0.8260869565217391
1315903881,0.7989130434782609,0.8315217391304348,0.8532608695652174,0.8478260869565217
1416542619,0.7989130434782609,0.8532608695652174,0.8586956521739131,0.842391304347826
1748300020,0.8260869565217391,0.875,0.8913043478260869,0.8804347826086957
534436561,0.7663043478260869,0.7989130434782609,0.8315217391304348,0.8206521739130435
1973057460,0.8152173913043478,0.875,0.8967391304347826,0.8913043478260869
109077341,0.8152173913043478,0.8913043478260869,0.907608695652174,0.8858695652173914
1933252443,0.7445652173913043,0.8152173913043478,0.8152173913043478,0.8369565217391305
1073942744,0.7880434782608695,0.875,0.8858695652173914,0.875
1170645904,0.7934782608695652,0.8478260869565217,0.8913043478260869,0.8695652173913043
1864124409,0.7391304347826086,0.842391304347826,0.8586956521739131,0.8478260869565217
85160275,0.7880434782608695,0.8532608695652174,0.8586956521739131,0.8695652173913043
2125887773,0.7554347826086957,0.8315217391304348,0.8641304347826086,0.8315217391304348
153123646,0.7934782608695652,0.842391304347826,0.8478260869565217,0.8369565217391305
861347482,0.8260869565217391,0.8913043478260869,0.8858695652173914,0.875
1337277525,0.8043478260869565,0.8695652173913043,0.8641304347826086,0.842391304347826
1407216795,0.8043478260869565,0.8804347826086957,0.8967391304347826,0.875
1873096035,0.7934782608695652,0.8804347826086957,0.8858695652173914,0.875
323503005,0.7934782608695652,0.8369565217391305,0.842391304347826,0.842391304347826
1944803947,0.8641304347826086,0.8804347826086957,0.8913043478260869,0.9021739130434783
1809624471,0.8097826086956522,0.8260869565217391,0.8532608695652174,0.8152173913043478
52372625,0.7554347826086957,0.8586956521739131,0.8586956521739131,0.8695652173913043
1684598997,0.7989130434782609,0.8695652173913043,0.8913043478260869,0.8695652173913043
1046836037,0.8206521739130435,0.8804347826086957,0.875,0.8532608695652174
1764511543,0.75,0.8532608695652174,0.8369565217391305,0.8478260869565217
1916129155,0.7391304347826086,0.8315217391304348,0.8532608695652174,0.8260869565217391
889319620,0.8097826086956522,0.8532608695652174,0.8858695652173914,0.8641304347826086
859243063,0.8043478260869565,0.8315217391304348,0.8695652173913043,0.8152173913043478
421821007,0.75,0.8369565217391305,0.8478260869565217,0.8641304347826086
1430130624,0.7608695652173914,0.842391304347826,0.8478260869565217,0.8315217391304348
2127670396,0.75,0.8315217391304348,0.8369565217391305,0.8315217391304348
1195809766,0.7771739130434783,0.8641304347826086,0.8695652173913043,0.8532608695652174
1915183132,0.7934782608695652,0.8586956521739131,0.8804347826086957,0.8695652173913043
678932049,0.7989130434782609,0.8586956521739131,0.8586956521739131,0.8695652173913043
1028221948,0.7554347826086957,0.8532608695652174,0.8695652173913043,0.8532608695652174
1911187370,0.75,0.8369565217391305,0.8532608695652174,0.842391304347826
1084594862,0.7554347826086957,0.7989130434782609,0.842391304347826,0.8315217391304348
1378254408,0.7663043478260869,0.8478260869565217,0.8586956521739131,0.842391304347826
949567492,0.7934782608695652,0.8804347826086957,0.8913043478260869,0.875
376653715,0.75,0.842391304347826,0.8315217391304348,0.8369565217391305
702845247,0.8206521739130435,0.8804347826086957,0.8695652173913043,0.8478260869565217
1120083541,0.7663043478260869,0.8369565217391305,0.842391304347826,0.8532608695652174
37473694,0.8260869565217391,0.8804347826086957,0.8695652173913043,0.8532608695652174
1863364304,0.8043478260869565,0.8641304347826086,0.8858695652173914,0.8695652173913043
509702858,0.7717391304347826,0.8804347826086957,0.8478260869565217,0.8532608695652174
577156664,0.782608695652174,0.8369565217391305,0.875,0.8586956521739131
82411108,0.8206521739130435,0.8804347826086957,0.8804347826086957,0.875
1507380408,0.8043478260869565,0.8858695652173914,0.875,0.8804347826086957
1689961409,0.7989130434782609,0.8532608695652174,0.8695652173913043,0.875
1604234904,0.8641304347826086,0.8967391304347826,0.9130434782608695,0.9021739130434783
132774780,0.7391304347826086,0.8478260869565217,0.8804347826086957,0.875
1456718291,0.75,0.8478260869565217,0.8369565217391305,0.8152173913043478
488388183,0.8043478260869565,0.8641304347826086,0.8913043478260869,0.8913043478260869
246787963,0.7717391304347826,0.8532608695652174,0.8858695652173914,0.8695652173913043
441476653,0.8097826086956522,0.8586956521739131,0.8858695652173914,0.8586956521739131
174239938,0.8043478260869565,0.8586956521739131,0.8913043478260869,0.875
1117940921,0.8152173913043478,0.8695652173913043,0.875,0.8804347826086957
1525623065,0.7663043478260869,0.8532608695652174,0.8478260869565217,0.842391304347826
912631776,0.842391304347826,0.8695652173913043,0.8967391304347826,0.8804347826086957
389776827,0.7771739130434783,0.8478260869565217,0.875,0.8532608695652174
1635895018,0.8478260869565217,0.8695652173913043,0.8913043478260869,0.8695652173913043
1781622543,0.8152173913043478,0.8586956521739131,0.8586956521739131,0.8695652173913043
155482921,0.8206521739130435,0.8532608695652174,0.875,0.875
1416597071,0.8206521739130435,0.9130434782608695,0.8967391304347826,0.8804347826086957
723194912,0.8315217391304348,0.8478260869565217,0.8586956521739131,0.8369565217391305
762231048,0.7228260869565217,0.8260869565217391,0.8315217391304348,0.8206521739130435
1719450633,0.7880434782608695,0.8532608695652174,0.8641304347826086,0.8695652173913043
1133700178,0.7663043478260869,0.8260869565217391,0.8206521739130435,0.8369565217391305
272991822,0.7989130434782609,0.8641304347826086,0.8695652173913043,0.8532608695652174
774813824,0.75,0.8532608695652174,0.8369565217391305,0.8478260869565217
676395021,0.782608695652174,0.875,0.8206521739130435,0.8315217391304348
1588559311,0.8315217391304348,0.8478260869565217,0.8695652173913043,0.8641304347826086
695209131,0.7934782608695652,0.8641304347826086,0.8478260869565217,0.8586956521739131
268514007,0.8152173913043478,0.8532608695652174,0.8695652173913043,0.8532608695652174
1966276183,0.7934782608695652,0.8315217391304348,0.8586956521739131,0.8532608695652174
441914647,0.7934782608695652,0.8478260869565217,0.8695652173913043,0.8804347826086957
591014801,0.7608695652173914,0.8260869565217391,0.842391304347826,0.842391304347826
2135779795,0.7771739130434783,0.8586956521739131,0.8478260869565217,0.8478260869565217
820482730,0.8206521739130435,0.8641304347826086,0.907608695652174,0.8804347826086957
1769438103,0.7554347826086957,0.8369565217391305,0.8586956521739131,0.8695652173913043
91885825,0.7771739130434783,0.8369565217391305,0.842391304347826,0.842391304347826
260669647,0.7608695652173914,0.842391304347826,0.8478260869565217,0.842391304347826
626337280,0.8152173913043478,0.8586956521739131,0.8804347826086957,0.8641304347826086
1549600989,0.8315217391304348,0.8967391304347826,0.8804347826086957,0.8804347826086957
323210248,0.8097826086956522,0.8478260869565217,0.8532608695652174,0.8532608695652174
1576436216,0.8206521739130435,0.8967391304347826,0.8967391304347826,0.8913043478260869
1975512194,0.7391304347826086,0.8097826086956522,0.8478260869565217,0.8478260869565217
293124440,0.8097826086956522,0.8804347826086957,0.8695652173913043,0.8913043478260869
1083800450,0.7717391304347826,0.8260869565217391,0.8641304347826086,0.8478260869565217
1957912197,0.8097826086956522,0.8478260869565217,0.8695652173913043,0.8913043478260869
1259055438,0.7771739130434783,0.8586956521739131,0.875,0.875
1498511697,0.7663043478260869,0.8532608695652174,0.8478260869565217,0.8532608695652174
411960549,0.8206521739130435,0.8858695652173914,0.9184782608695652,0.9239130434782609
489656913,0.8152173913043478,0.8695652173913043,0.8695652173913043,0.875
1052840940,0.7336956521739131,0.8260869565217391,0.8478260869565217,0.8152173913043478
1315861966,0.7880434782608695,0.8641304347826086,0.8858695652173914,0.8804347826086957
1514995063,0.8260869565217391,0.8369565217391305,0.8804347826086957,0.8858695652173914
963365837,0.7554347826086957,0.8586956521739131,0.8641304347826086,0.8695652173913043
168796986,0.782608695652174,0.8586956521739131,0.8478260869565217,0.8695652173913043
905564345,0.7989130434782609,0.8586956521739131,0.8586956521739131,0.8532608695652174
888696819,0.7445652173913043,0.8369565217391305,0.8532608695652174,0.8315217391304348
1395643329,0.842391304347826,0.8641304347826086,0.8804347826086957,0.8695652173913043
121018923,0.7663043478260869,0.8152173913043478,0.8586956521739131,0.8369565217391305
1159648766,0.8315217391304348,0.8315217391304348,0.875,0.8804347826086957
1839076421,0.7663043478260869,0.8695652173913043,0.8913043478260869,0.8913043478260869
653590498,0.7771739130434783,0.8695652173913043,0.8858695652173914,0.8913043478260869
133106634,0.8206521739130435,0.8532608695652174,0.8586956521739131,0.8586956521739131
808206572,0.8260869565217391,0.8586956521739131,0.8858695652173914,0.842391304347826
1895198045,0.7880434782608695,0.8641304347826086,0.8695652173913043,0.8695652173913043
827148691,0.782608695652174,0.8586956521739131,0.8641304347826086,0.8586956521739131
1950155056,0.8804347826086957,0.9239130434782609,0.9021739130434783,0.9130434782608695
345785596,0.75,0.8695652173913043,0.875,0.8641304347826086
1378365011,0.8206521739130435,0.8695652173913043,0.8913043478260869,0.875
1660190578,0.8532608695652174,0.8586956521739131,0.8804347826086957,0.875
776683870,0.842391304347826,0.9130434782608695,0.9184782608695652,0.9184782608695652
823887643,0.782608695652174,0.8369565217391305,0.8152173913043478,0.8260869565217391
1155596458,0.7934782608695652,0.8532608695652174,0.8206521739130435,0.842391304347826
1559644856,0.7880434782608695,0.8858695652173914,0.8586956521739131,0.8641304347826086
1765487046,0.8043478260869565,0.8641304347826086,0.8913043478260869,0.8586956521739131
1126513285,0.7065217391304348,0.8478260869565217,0.8586956521739131,0.8532608695652174
1751062340,0.8152173913043478,0.8641304347826086,0.8586956521739131,0.8804347826086957
788012686,0.7989130434782609,0.8532608695652174,0.875,0.8586956521739131
1552724617,0.7934782608695652,0.8641304347826086,0.875,0.8586956521739131
876173753,0.8043478260869565,0.8369565217391305,0.8532608695652174,0.8532608695652174
24554781,0.8206521739130435,0.8532608695652174,0.8586956521739131,0.8586956521739131
1319292700,0.7391304347826086,0.8858695652173914,0.8804347826086957,0.8641304347826086
261784439,0.8315217391304348,0.8967391304347826,0.9021739130434783,0.8858695652173914
931954348,0.7880434782608695,0.8858695652173914,0.875,0.8967391304347826
1132550074,0.7934782608695652,0.8478260869565217,0.8586956521739131,0.875
304501440,0.7880434782608695,0.8478260869565217,0.8586956521739131,0.8532608695652174
791266268,0.7934782608695652,0.8913043478260869,0.875,0.8858695652173914
2099486691,0.8043478260869565,0.8315217391304348,0.8641304347826086,0.8478260869565217
2143216821,0.7934782608695652,0.8478260869565217,0.8532608695652174,0.8641304347826086
1097366086,0.717391304347826,0.8641304347826086,0.8804347826086957,0.8532608695652174
1261174774,0.7989130434782609,0.875,0.907608695652174,0.8858695652173914
1256780936,0.7989130434782609,0.8586956521739131,0.875,0.842391304347826
984341616,0.7880434782608695,0.8858695652173914,0.875,0.875
633002732,0.842391304347826,0.8858695652173914,0.907608695652174,0.8967391304347826
675624864,0.7282608695652174,0.8315217391304348,0.842391304347826,0.8369565217391305
853675170,0.8586956521739131,0.8804347826086957,0.8695652173913043,0.875
1597371038,0.7880434782608695,0.875,0.8641304347826086,0.875
108608871,0.7934782608695652,0.842391304347826,0.8478260869565217,0.8532608695652174
304074450,0.8097826086956522,0.8532608695652174,0.8858695652173914,0.8858695652173914
1815338451,0.8206521739130435,0.8641304347826086,0.875,0.8913043478260869
434253977,0.8043478260869565,0.8532608695652174,0.8695652173913043,0.8478260869565217
306440581,0.7663043478260869,0.8260869565217391,0.8369565217391305,0.842391304347826
687705896,0.8043478260869565,0.8695652173913043,0.8586956521739131,0.875
1321086270,0.8260869565217391,0.9130434782608695,0.9293478260869565,0.907608695652174
581936868,0.7771739130434783,0.8532608695652174,0.8586956521739131,0.8586956521739131
297939276,0.7663043478260869,0.8641304347826086,0.8586956521739131,0.8586956521739131
238526,0.7880434782608695,0.842391304347826,0.8315217391304348,0.842391304347826
347157393,0.8206521739130435,0.8586956521739131,0.875,0.8641304347826086
1647701550,0.7934782608695652,0.8858695652173914,0.8967391304347826,0.8858695652173914
1567054801,0.8043478260869565,0.875,0.8804347826086957,0.8967391304347826
2136513437,0.782608695652174,0.842391304347826,0.8532608695652174,0.875
1099845262,0.782608695652174,0.9184782608695652,0.907608695652174,0.8804347826086957
1658225597,0.7717391304347826,0.875,0.8804347826086957,0.8967391304347826
1439335988,0.7608695652173914,0.8641304347826086,0.8695652173913043,0.8804347826086957
2126364432,0.8043478260869565,0.8478260869565217,0.8315217391304348,0.8478260869565217
546285103,0.8260869565217391,0.8586956521739131,0.8532608695652174,0.8478260869565217
496394669,0.8097826086956522,0.8641304347826086,0.842391304347826,0.8641304347826086
1683987321,0.7336956521739131,0.8260869565217391,0.842391304347826,0.8369565217391305
452579148,0.7934782608695652,0.9021739130434783,0.8913043478260869,0.8858695652173914
71872520,0.7663043478260869,0.8586956521739131,0.9184782608695652,0.8858695652173914
371553838,0.7663043478260869,0.8260869565217391,0.8206521739130435,0.8315217391304348
892006468,0.7934782608695652,0.8586956521739131,0.8315217391304348,0.8369565217391305
84820627,0.8043478260869565,0.8641304347826086,0.8858695652173914,0.875
582397270,0.7663043478260869,0.8478260869565217,0.8695652173913043,0.8532608695652174
5656205,0.7880434782608695,0.8804347826086957,0.8641304347826086,0.875
618971506,0.8097826086956522,0.8586956521739131,0.8804347826086957,0.8804347826086957
489927574,0.8206521739130435,0.8641304347826086,0.8804347826086957,0.8532608695652174
1307906613,0.7771739130434783,0.8478260869565217,0.8641304347826086,0.8804347826086957
278254142,0.7989130434782609,0.8586956521739131,0.8586956521739131,0.8586956521739131
1474202240,0.7989130434782609,0.8641304347826086,0.8695652173913043,0.8641304347826086
1933292214,0.7880434782608695,0.875,0.8913043478260869,0.8804347826086957
679495648,0.7880434782608695,0.842391304347826,0.8586956521739131,0.8532608695652174
804241044,0.8043478260869565,0.8967391304347826,0.8913043478260869,0.8858695652173914
314255549,0.7608695652173914,0.8804347826086957,0.8695652173913043,0.8532608695652174
1364454086,0.7934782608695652,0.8913043478260869,0.875,0.8695652173913043
1859522518,0.7989130434782609,0.8586956521739131,0.8858695652173914,0.8641304347826086
101592901,0.8369565217391305,0.842391304347826,0.875,0.875
1307916091,0.8097826086956522,0.8913043478260869,0.9021739130434783,0.8967391304347826
1584233744,0.7717391304347826,0.8260869565217391,0.8260869565217391,0.8260869565217391
55896052,0.8260869565217391,0.8369565217391305,0.8967391304347826,0.8913043478260869
1138546631,0.7989130434782609,0.8641304347826086,0.8641304347826086,0.842391304347826
2008300354,0.7445652173913043,0.907608695652174,0.907608695652174,0.9130434782608695
724868017,0.7934782608695652,0.8152173913043478,0.8152173913043478,0.8043478260869565
906881677,0.7554347826086957,0.8478260869565217,0.8586956521739131,0.8478260869565217
938550938,0.7554347826086957,0.8967391304347826,0.8695652173913043,0.8478260869565217
228723612,0.7663043478260869,0.875,0.8695652173913043,0.8478260869565217
1548991806,0.7989130434782609,0.8804347826086957,0.8967391304347826,0.8913043478260869
2120635974,0.7554347826086957,0.8913043478260869,0.875,0.8641304347826086
27437209,0.8315217391304348,0.8641304347826086,0.8641304347826086,0.8586956521739131
1116295151,0.8043478260869565,0.8804347826086957,0.8804347826086957,0.8695652173913043
477021467,0.7717391304347826,0.8260869565217391,0.8315217391304348,0.8260869565217391
1679709662,0.7608695652173914,0.8369565217391305,0.8641304347826086,0.8586956521739131
1224296690,0.7717391304347826,0.8532608695652174,0.8532608695652174,0.8641304347826086
784163091,0.782608695652174,0.8586956521739131,0.8369565217391305,0.8532608695652174
221287021,0.7934782608695652,0.8532608695652174,0.8641304347826086,0.8532608695652174
1752409363,0.8586956521739131,0.9239130434782609,0.9293478260869565,0.9239130434782609
1490346767,0.7608695652173914,0.8695652173913043,0.8695652173913043,0.8586956521739131
390900890,0.7717391304347826,0.8532608695652174,0.8532608695652174,0.8532608695652174
1196672310,0.7989130434782609,0.842391304347826,0.8532608695652174,0.8532608695652174
192177716,0.7880434782608695,0.8532608695652174,0.8695652173913043,0.8532608695652174
1370399493,0.7934782608695652,0.8695652173913043,0.8804347826086957,0.8532608695652174
1566868218,0.7880434782608695,0.9021739130434783,0.907608695652174,0.8913043478260869
1687238108,0.8206521739130435,0.8586956521739131,0.875,0.8532608695652174
688477673,0.8152173913043478,0.8641304347826086,0.8641304347826086,0.8369565217391305
1838191595,0.7663043478260869,0.842391304347826,0.9021739130434783,0.8641304347826086
819361936,0.7880434782608695,0.8586956521739131,0.8586956521739131,0.8641304347826086
970908555,0.7663043478260869,0.8532608695652174,0.8478260869565217,0.8532608695652174
503913609,0.7771739130434783,0.8586956521739131,0.8695652173913043,0.8695652173913043
2028777895,0.7934782608695652,0.8586956521739131,0.875,0.8695652173913043
1760509409,0.8097826086956522,0.8804347826086957,0.8641304347826086,0.8695652173913043
980619854,0.7717391304347826,0.8641304347826086,0.8695652173913043,0.8532608695652174
463596929,0.7228260869565217,0.8369565217391305,0.8369565217391305,0.842391304347826
1904136293,0.8152173913043478,0.9239130434782609,0.907608695652174,0.8967391304347826
1040170697,0.7391304347826086,0.8695652173913043,0.8586956521739131,0.8586956521739131
136612193,0.7771739130434783,0.8532608695652174,0.8858695652173914,0.875
1429236528,0.842391304347826,0.8586956521739131,0.8532608695652174,0.8369565217391305
1059420494,0.782608695652174,0.8586956521739131,0.8913043478260869,0.8913043478260869
113712825,0.7989130434782609,0.842391304347826,0.8532608695652174,0.8260869565217391
601898957,0.8043478260869565,0.8858695652173914,0.8913043478260869,0.9130434782608695
1189651272,0.8260869565217391,0.8804347826086957,0.9130434782608695,0.9021739130434783
1330113148,0.7880434782608695,0.8804347826086957,0.9021739130434783,0.875
1174351449,0.8152173913043478,0.8260869565217391,0.8695652173913043,0.842391304347826
1552381106,0.8315217391304348,0.9021739130434783,0.907608695652174,0.9021739130434783
877402892,0.7336956521739131,0.8695652173913043,0.8586956521739131,0.8478260869565217
211339667,0.8043478260869565,0.8478260869565217,0.8695652173913043,0.8804347826086957
1419857231,0.8206521739130435,0.842391304347826,0.8586956521739131,0.8586956521739131
1216750747,0.75,0.8315217391304348,0.8369565217391305,0.842391304347826
1296765867,0.8315217391304348,0.8858695652173914,0.9239130434782609,0.907608695652174
1310617029,0.7880434782608695,0.8586956521739131,0.8695652173913043,0.8804347826086957
68093465,0.7663043478260869,0.8586956521739131,0.8695652173913043,0.8641304347826086
247162270,0.8043478260869565,0.8260869565217391,0.875,0.8804347826086957
1740119416,0.75,0.8369565217391305,0.8641304347826086,0.842391304347826
1414026211,0.7717391304347826,0.8586956521739131,0.8586956521739131,0.8695652173913043
1249807264,0.8260869565217391,0.8967391304347826,0.9021739130434783,0.9021739130434783
1755829418,0.7934782608695652,0.875,0.8804347826086957,0.8804347826086957
2132369785,0.7880434782608695,0.8641304347826086,0.8586956521739131,0.8695652173913043
81788580,0.7934782608695652,0.8478260869565217,0.8478260869565217,0.8369565217391305
1362892730,0.8152173913043478,0.8478260869565217,0.875,0.8641304347826086
1013256816,0.8532608695652174,0.907608695652174,0.9347826086956522,0.9130434782608695
1132835717,0.7880434782608695,0.842391304347826,0.8586956521739131,0.8369565217391305
295993327,0.7663043478260869,0.8260869565217391,0.8478260869565217,0.842391304347826
140994345,0.782608695652174,0.8586956521739131,0.8695652173913043,0.8369565217391305
1014291337,0.8043478260869565,0.842391304347826,0.8586956521739131,0.8586956521739131
1252763915,0.7771739130434783,0.8586956521739131,0.875,0.8586956521739131
1568273506,0.8206521739130435,0.8586956521739131,0.8913043478260869,0.8858695652173914
1390521239,0.7336956521739131,0.7989130434782609,0.8152173913043478,0.8152173913043478
2060902355,0.7880434782608695,0.8369565217391305,0.875,0.8695652173913043
545762055,0.782608695652174,0.8532608695652174,0.8369565217391305,0.8478260869565217
159440875,0.782608695652174,0.8315217391304348,0.8586956521739131,0.8369565217391305
613920297,0.8043478260869565,0.8858695652173914,0.875,0.8913043478260869
662756461,0.7608695652173914,0.8532608695652174,0.8641304347826086,0.8586956521739131
386601003,0.7934782608695652,0.8695652173913043,0.8641304347826086,0.8641304347826086
1627943731,0.7663043478260869,0.8586956521739131,0.875,0.8369565217391305
350924044,0.75,0.8586956521739131,0.8695652173913043,0.8695652173913043
5434279,0.7880434782608695,0.8695652173913043,0.8858695652173914,0.8478260869565217
1919496873,0.7445652173913043,0.8097826086956522,0.8260869565217391,0.8097826086956522
1491230185,0.8152173913043478,0.8315217391304348,0.875,0.8695652173913043
116581084,0.7989130434782609,0.8967391304347826,0.8858695652173914,0.8858695652173914
551729983,0.7771739130434783,0.8206521739130435,0.842391304347826,0.8206521739130435
1022144652,0.7880434782608695,0.8532608695652174,0.8695652173913043,0.8641304347826086
585675315,0.7554347826086957,0.8260869565217391,0.8532608695652174,0.8369565217391305
970170757,0.7717391304347826,0.8641304347826086,0.8586956521739131,0.8804347826086957
1473030441,0.717391304347826,0.8586956521739131,0.875,0.8804347826086957
1663958893,0.7717391304347826,0.8641304347826086,0.8369565217391305,0.8641304347826086
1495977601,0.8206521739130435,0.875,0.907608695652174,0.8804347826086957
778648183,0.7771739130434783,0.8478260869565217,0.8478260869565217,0.8315217391304348
660483219,0.7717391304347826,0.842391304347826,0.8586956521739131,0.8586956521739131
811084728,0.7771739130434783,0.8804347826086957,0.875,0.875
579569136,0.8043478260869565,0.8695652173913043,0.8586956521739131,0.8641304347826086
1677449021,0.7934782608695652,0.842391304347826,0.8641304347826086,0.8478260869565217
1914672330,0.7663043478260869,0.8206521739130435,0.8315217391304348,0.7989130434782609
13226313,0.7554347826086957,0.8315217391304348,0.8260869565217391,0.8315217391304348
1389755550,0.7934782608695652,0.8641304347826086,0.8695652173913043,0.8695652173913043
134316431,0.7717391304347826,0.8641304347826086,0.8641304347826086,0.8586956521739131
1070271862,0.7934782608695652,0.8532608695652174,0.8804347826086957,0.875
2079592148,0.7663043478260869,0.8532608695652174,0.8695652173913043,0.8532608695652174
1620891271,0.7989130434782609,0.8532608695652174,0.875,0.875
782004522,0.782608695652174,0.8586956521739131,0.8695652173913043,0.842391304347826
432708111,0.7554347826086957,0.8858695652173914,0.8913043478260869,0.8967391304347826
789689873,0.782608695652174,0.8804347826086957,0.8858695652173914,0.8858695652173914
842955093,0.7717391304347826,0.8641304347826086,0.8804347826086957,0.8641304347826086
1708996899,0.7934782608695652,0.842391304347826,0.842391304347826,0.842391304347826
124237770,0.7717391304347826,0.8532608695652174,0.8586956521739131,0.8695652173913043
1828530269,0.782608695652174,0.875,0.9021739130434783,0.8695652173913043
55212401,0.7934782608695652,0.8315217391304348,0.8532608695652174,0.8478260869565217
389578526,0.7880434782608695,0.842391304347826,0.8478260869565217,0.8206521739130435
50222667,0.842391304347826,0.875,0.8967391304347826,0.8858695652173914
288419696,0.782608695652174,0.8478260869565217,0.842391304347826,0.8152173913043478
1470471598,0.8043478260869565,0.842391304347826,0.8532608695652174,0.8369565217391305
1298572040,0.7608695652173914,0.8695652173913043,0.8532608695652174,0.8641304347826086
1533005250,0.8097826086956522,0.8532608695652174,0.8967391304347826,0.875
979911560,0.8152173913043478,0.8858695652173914,0.907608695652174,0.907608695652174
1946520798,0.7608695652173914,0.7989130434782609,0.8043478260869565,0.8043478260869565
832622390,0.7989130434782609,0.8695652173913043,0.8804347826086957,0.8695652173913043
349215093,0.8152173913043478,0.8532608695652174,0.8369565217391305,0.8641304347826086
916528993,0.8260869565217391,0.8369565217391305,0.8586956521739131,0.8586956521739131
1386741260,0.8260869565217391,0.8641304347826086,0.8858695652173914,0.875
827590410,0.8369565217391305,0.8641304347826086,0.8858695652173914,0.8641304347826086
1855397402,0.8097826086956522,0.9021739130434783,0.907608695652174,0.8858695652173914
1265333771,0.7880434782608695,0.8695652173913043,0.875,0.875
847986160,0.7771739130434783,0.875,0.8858695652173914,0.8858695652173914
912508261,0.7771739130434783,0.8206521739130435,0.842391304347826,0.8206521739130435
767448875,0.782608695652174,0.8641304347826086,0.8804347826086957,0.875
1760520175,0.75,0.8478260869565217,0.8532608695652174,0.8206521739130435
659108866,0.7880434782608695,0.8478260869565217,0.8532608695652174,0.8478260869565217
682281828,0.7880434782608695,0.8586956521739131,0.8695652173913043,0.875
401941896,0.7989130434782609,0.8586956521739131,0.8804347826086957,0.8858695652173914
1710475091,0.7771739130434783,0.8695652173913043,0.8913043478260869,0.875
157726589,0.7771739130434783,0.8804347826086957,0.8804347826086957,0.8641304347826086
931857021,0.8260869565217391,0.9021739130434783,0.8913043478260869,0.875
1332553960,0.782608695652174,0.8586956521739131,0.875,0.8695652173913043
1055245413,0.7554347826086957,0.8586956521739131,0.8641304347826086,0.8532608695652174
1048959470,0.8097826086956522,0.8913043478260869,0.8913043478260869,0.8695652173913043
1000420511,0.8369565217391305,0.8695652173913043,0.8804347826086957,0.8532608695652174
499152301,0.8097826086956522,0.8532608695652174,0.8695652173913043,0.8641304347826086
688536362,0.7663043478260869,0.8858695652173914,0.8913043478260869,0.8858695652173914
1234038454,0.7663043478260869,0.8043478260869565,0.8315217391304348,0.8260869565217391
685452989,0.7771739130434783,0.8967391304347826,0.9021739130434783,0.8913043478260869
243629808,0.7771739130434783,0.8532608695652174,0.8695652173913043,0.8586956521739131
841596393,0.8532608695652174,0.8913043478260869,0.907608695652174,0.8913043478260869
1856311470,0.7880434782608695,0.8858695652173914,0.8913043478260869,0.8967391304347826
961364451,0.8532608695652174,0.8641304347826086,0.8858695652173914,0.875
1811639718,0.8260869565217391,0.8804347826086957,0.8913043478260869,0.8967391304347826
1835951630,0.7989130434782609,0.8695652173913043,0.8695652173913043,0.8804347826086957
970021898,0.75,0.8532608695652174,0.8695652173913043,0.8586956521739131
1954517161,0.7934782608695652,0.842391304347826,0.8641304347826086,0.8532608695652174
331084510,0.7989130434782609,0.8804347826086957,0.8804347826086957,0.875
1481994005,0.8097826086956522,0.8315217391304348,0.8532608695652174,0.8478260869565217
581292558,0.8043478260869565,0.8206521739130435,0.8369565217391305,0.8478260869565217
1012892865,0.7880434782608695,0.8586956521739131,0.8478260869565217,0.875
1195919109,0.7989130434782609,0.8369565217391305,0.8641304347826086,0.8369565217391305
521250289,0.842391304347826,0.8858695652173914,0.875,0.8641304347826086
211710181,0.7880434782608695,0.9347826086956522,0.9021739130434783,0.907608695652174
2131160640,0.7717391304347826,0.8315217391304348,0.8206521739130435,0.8260869565217391
376508196,0.7771739130434783,0.8315217391304348,0.842391304347826,0.8478260869565217
1948403874,0.8260869565217391,0.8478260869565217,0.8858695652173914,0.8532608695652174
1662848086,0.7989130434782609,0.8586956521739131,0.8695652173913043,0.8641304347826086
2049983550,0.7934782608695652,0.8858695652173914,0.8804347826086957,0.8858695652173914
1443961132,0.7880434782608695,0.8315217391304348,0.8532608695652174,0.8641304347826086
1999349515,0.8097826086956522,0.8641304347826086,0.8369565217391305,0.8532608695652174
705028382,0.7554347826086957,0.8369565217391305,0.8478260869565217,0.8260869565217391
39968343,0.7608695652173914,0.8586956521739131,0.8804347826086957,0.8641304347826086
2016499828,0.7554347826086957,0.8478260869565217,0.8641304347826086,0.8478260869565217
1166003583,0.7771739130434783,0.8532608695652174,0.8804347826086957,0.8641304347826086
843398702,0.8043478260869565,0.8641304347826086,0.9021739130434783,0.8913043478260869
1002805947,0.7934782608695652,0.8695652173913043,0.875,0.9021739130434783
691085852,0.782608695652174,0.8641304347826086,0.875,0.8586956521739131
1329495198,0.7880434782608695,0.8695652173913043,0.8695652173913043,0.8532608695652174
162465428,0.8097826086956522,0.8532608695652174,0.8695652173913043,0.875
1029360124,0.7880434782608695,0.8967391304347826,0.8913043478260869,0.8858695652173914
56370281,0.7608695652173914,0.8532608695652174,0.8532608695652174,0.8532608695652174
1813029200,0.7608695652173914,0.8586956521739131,0.8641304347826086,0.8586956521739131
1405554892,0.7934782608695652,0.875,0.8695652173913043,0.8804347826086957
1136689454,0.8260869565217391,0.8804347826086957,0.8967391304347826,0.8913043478260869
356626012,0.782608695652174,0.8641304347826086,0.8913043478260869,0.8967391304347826
1198522255,0.8369565217391305,0.8641304347826086,0.875,0.875
1805224514,0.8043478260869565,0.8641304347826086,0.8532608695652174,0.8532608695652174
2011557107,0.7989130434782609,0.8586956521739131,0.8478260869565217,0.8369565217391305
1592310989,0.7445652173913043,0.842391304347826,0.8315217391304348,0.8315217391304348
1815393524,0.8097826086956522,0.8804347826086957,0.8804347826086957,0.8858695652173914
1258704557,0.7989130434782609,0.8695652173913043,0.9130434782608695,0.8858695652173914
425788351,0.7663043478260869,0.8641304347826086,0.8478260869565217,0.8369565217391305
829151846,0.8369565217391305,0.8858695652173914,0.8913043478260869,0.8913043478260869
1188740794,0.8043478260869565,0.8695652173913043,0.8804347826086957,0.8804347826086957
613204215,0.7608695652173914,0.875,0.8858695652173914,0.8913043478260869
546529045,0.8206521739130435,0.8804347826086957,0.8858695652173914,0.875
1083157914,0.7771739130434783,0.8695652173913043,0.8641304347826086,0.8532608695652174
310004858,0.8532608695652174,0.8532608695652174,0.8641304347826086,0.8695652173913043
1346163831,0.8206521739130435,0.8804347826086957,0.8967391304347826,0.8913043478260869
1568245047,0.7663043478260869,0.842391304347826,0.842391304347826,0.8260869565217391
950259294,0.7608695652173914,0.8369565217391305,0.8695652173913043,0.8804347826086957
772837296,0.8097826086956522,0.8532608695652174,0.8586956521739131,0.8478260869565217
1171759820,0.8152173913043478,0.8913043478260869,0.8913043478260869,0.8967391304347826
1139380639,0.7663043478260869,0.8206521739130435,0.8586956521739131,0.8641304347826086
843609677,0.8260869565217391,0.9130434782608695,0.907608695652174,0.8913043478260869
1613739439,0.8369565217391305,0.8913043478260869,0.8858695652173914,0.8858695652173914
1088859277,0.8097826086956522,0.8858695652173914,0.8913043478260869,0.8913043478260869
441551343,0.8097826086956522,0.8586956521739131,0.8858695652173914,0.8804347826086957
379360369,0.782608695652174,0.7880434782608695,0.7989130434782609,0.8043478260869565
426305608,0.8206521739130435,0.8532608695652174,0.8641304347826086,0.8532608695652174
1294741783,0.8152173913043478,0.8967391304347826,0.8913043478260869,0.8967391304347826
1449780367,0.7771739130434783,0.8586956521739131,0.8369565217391305,0.8586956521739131
1325714929,0.8206521739130435,0.8586956521739131,0.8586956521739131,0.8532608695652174
822279106,0.8478260869565217,0.907608695652174,0.8967391304347826,0.9130434782608695
1150142342,0.7880434782608695,0.8260869565217391,0.8369565217391305,0.8260869565217391
1047343939,0.8097826086956522,0.8858695652173914,0.8858695652173914,0.9021739130434783
406844130,0.75,0.8641304347826086,0.8478260869565217,0.8369565217391305
825050957,0.7989130434782609,0.8858695652173914,0.8586956521739131,0.8804347826086957
2025535072,0.8315217391304348,0.875,0.8913043478260869,0.8804347826086957
1232300069,0.7663043478260869,0.8586956521739131,0.8804347826086957,0.875
227102828,0.7663043478260869,0.8586956521739131,0.875,0.8695652173913043
1899157362,0.7934782608695652,0.9021739130434783,0.9021739130434783,0.8913043478260869
1928390491,0.8152173913043478,0.875,0.8586956521739131,0.8532608695652174
2087821679,0.8043478260869565,0.8804347826086957,0.875,0.8586956521739131
709595270,0.8152173913043478,0.8967391304347826,0.8913043478260869,0.8967391304347826
1801597570,0.7989130434782609,0.8532608695652174,0.8641304347826086,0.8478260869565217
1170592958,0.7934782608695652,0.9130434782608695,0.8967391304347826,0.9130434782608695
908487648,0.7771739130434783,0.8532608695652174,0.8532608695652174,0.8532608695652174
1554872696,0.8097826086956522,0.8913043478260869,0.8913043478260869,0.8858695652173914
411943693,0.7608695652173914,0.8478260869565217,0.875,0.8532608695652174
737910704,0.7663043478260869,0.8641304347826086,0.875,0.8641304347826086
37712049,0.7771739130434783,0.8260869565217391,0.842391304347826,0.8478260869565217
1085544713,0.7880434782608695,0.8532608695652174,0.8641304347826086,0.8804347826086957
1322373617,0.782608695652174,0.8858695652173914,0.8858695652173914,0.8858695652173914
22148426,0.7934782608695652,0.907608695652174,0.8695652173913043,0.875
508385019,0.8097826086956522,0.875,0.8858695652173914,0.8641304347826086
2038094783,0.75,0.8641304347826086,0.8586956521739131,0.8695652173913043
634671828,0.8152173913043478,0.8695652173913043,0.8586956521739131,0.875
24080388,0.8315217391304348,0.8586956521739131,0.8586956521739131,0.8478260869565217
603244042,0.75,0.8260869565217391,0.8206521739130435,0.842391304347826
1825567586,0.75,0.875,0.8858695652173914,0.8641304347826086
248258668,0.8043478260869565,0.8260869565217391,0.842391304347826,0.8532608695652174
658293511,0.7663043478260869,0.8586956521739131,0.8641304347826086,0.875
1988663214,0.8097826086956522,0.8369565217391305,0.8641304347826086,0.8478260869565217
1925062923,0.7771739130434783,0.842391304347826,0.842391304347826,0.8369565217391305
805024699,0.8641304347826086,0.8695652173913043,0.8641304347826086,0.875
1359485187,0.8260869565217391,0.8641304347826086,0.8804347826086957,0.8532608695652174
738180241,0.782608695652174,0.8641304347826086,0.8804347826086957,0.875
880824605,0.8260869565217391,0.8695652173913043,0.8913043478260869,0.8695652173913043
586376467,0.7717391304347826,0.875,0.8695652173913043,0.875
832931710,0.7554347826086957,0.8315217391304348,0.8315217391304348,0.8315217391304348
2127849794,0.8315217391304348,0.8858695652173914,0.8913043478260869,0.8913043478260869
1658447484,0.7717391304347826,0.8206521739130435,0.8641304347826086,0.842391304347826
822093504,0.7771739130434783,0.907608695652174,0.875,0.8858695652173914
109685794,0.7445652173913043,0.8478260869565217,0.8532608695652174,0.842391304347826
351824806,0.7771739130434783,0.8478260869565217,0.8532608695652174,0.8532608695652174
148870994,0.8260869565217391,0.8804347826086957,0.9130434782608695,0.9184782608695652
126394600,0.8043478260869565,0.907608695652174,0.9021739130434783,0.8804347826086957
1655151580,0.8315217391304348,0.8641304347826086,0.8913043478260869,0.8695652173913043
1577546241,0.7554347826086957,0.8641304347826086,0.8804347826086957,0.8804347826086957
2029824361,0.8206521739130435,0.8586956521739131,0.8532608695652174,0.8695652173913043
1253245875,0.7663043478260869,0.8586956521739131,0.8532608695652174,0.8641304347826086
1332028974,0.8315217391304348,0.8967391304347826,0.8913043478260869,0.9130434782608695
1866245106,0.7934782608695652,0.8641304347826086,0.8804347826086957,0.907608695652174
317707154,0.8152173913043478,0.8206521739130435,0.8315217391304348,0.8152173913043478
795354056,0.782608695652174,0.8641304347826086,0.875,0.8695652173913043
1420339379,0.8043478260869565,0.875,0.8858695652173914,0.8695652173913043
1430281142,0.8097826086956522,0.842391304347826,0.8641304347826086,0.8641304347826086
2005889290,0.7717391304347826,0.8695652173913043,0.8641304347826086,0.875
1427640728,0.7717391304347826,0.8152173913043478,0.8478260869565217,0.842391304347826
2114793318,0.8152173913043478,0.8586956521739131,0.8478260869565217,0.8478260869565217
733217674,0.8532608695652174,0.907608695652174,0.9130434782608695,0.8967391304347826
549189590,0.7771739130434783,0.8858695652173914,0.8858695652173914,0.8804347826086957
729217878,0.7717391304347826,0.842391304347826,0.875,0.8641304347826086
232922329,0.8043478260869565,0.8260869565217391,0.842391304347826,0.8478260869565217
574016848,0.7989130434782609,0.8695652173913043,0.875,0.8858695652173914
1866661942,0.8206521739130435,0.8641304347826086,0.875,0.8804347826086957
124444330,0.7934782608695652,0.8586956521739131,0.875,0.8858695652173914
1531687744,0.7717391304347826,0.8478260869565217,0.842391304347826,0.8315217391304348
652937029,0.8206521739130435,0.8804347826086957,0.8695652173913043,0.8967391304347826
60380868,0.7989130434782609,0.8586956521739131,0.8478260869565217,0.8478260869565217
1382065920,0.7880434782608695,0.8260869565217391,0.8206521739130435,0.8260869565217391
164112915,0.7880434782608695,0.8695652173913043,0.8967391304347826,0.8532608695652174
1205352974,0.8043478260869565,0.8804347826086957,0.9021739130434783,0.8913043478260869
500489649,0.7880434782608695,0.8532608695652174,0.8967391304347826,0.8641304347826086
2086447388,0.7989130434782609,0.8858695652173914,0.8858695652173914,0.875
2048041145,0.8206521739130435,0.8858695652173914,0.8913043478260869,0.8804347826086957
1971320033,0.7880434782608695,0.8260869565217391,0.8478260869565217,0.842391304347826
382914975,0.7880434782608695,0.8641304347826086,0.8641304347826086,0.8478260869565217
1791512104,0.7989130434782609,0.8369565217391305,0.875,0.8695652173913043
1862797683,0.7989130434782609,0.8152173913043478,0.8315217391304348,0.8260869565217391
465195516,0.7717391304347826,0.8804347826086957,0.8804347826086957,0.8586956521739131
694710589,0.7663043478260869,0.8532608695652174,0.8586956521739131,0.8532608695652174
1702875135,0.7554347826086957,0.842391304347826,0.842391304347826,0.8315217391304348
1566442517,0.8206521739130435,0.8097826086956522,0.842391304347826,0.8315217391304348
1539505356,0.7771739130434783,0.8315217391304348,0.842391304347826,0.8315217391304348
632814474,0.7445652173913043,0.8369565217391305,0.842391304347826,0.8532608695652174
267194829,0.7989130434782609,0.8858695652173914,0.9021739130434783,0.8967391304347826
367992052,0.7934782608695652,0.875,0.8804347826086957,0.8478260869565217
1753796030,0.7989130434782609,0.8641304347826086,0.8695652173913043,0.8695652173913043
1135318254,0.75,0.8967391304347826,0.8967391304347826,0.875
1748540984,0.8369565217391305,0.9184782608695652,0.9184782608695652,0.8804347826086957
1108948082,0.7336956521739131,0.8097826086956522,0.8043478260869565,0.8206521739130435
1597924672,0.7608695652173914,0.8695652173913043,0.8695652173913043,0.8858695652173914
801887718,0.7554347826086957,0.8532608695652174,0.8695652173913043,0.8695652173913043
293706785,0.8152173913043478,0.8695652173913043,0.8586956521739131,0.842391304347826
795200094,0.7608695652173914,0.8695652173913043,0.8369565217391305,0.8586956521739131
926309008,0.7663043478260869,0.842391304347826,0.875,0.8586956521739131
1457909968,0.8260869565217391,0.9021739130434783,0.9130434782608695,0.9021739130434783
138878727,0.7934782608695652,0.8532608695652174,0.8695652173913043,0.842391304347826
1045402436,0.7663043478260869,0.8695652173913043,0.8967391304347826,0.8804347826086957
739301374,0.7554347826086957,0.842391304347826,0.8532608695652174,0.8532608695652174
1241377760,0.8097826086956522,0.8586956521739131,0.875,0.8804347826086957
1633560510,0.7663043478260869,0.8315217391304348,0.842391304347826,0.8369565217391305
1791090970,0.7934782608695652,0.8641304347826086,0.8913043478260869,0.8641304347826086
1180623432,0.7391304347826086,0.8206521739130435,0.8478260869565217,0.8369565217391305
1884402036,0.7880434782608695,0.8858695652173914,0.8804347826086957,0.8804347826086957
1282338478,0.7880434782608695,0.875,0.875,0.8804347826086957
344980260,0.8097826086956522,0.8695652173913043,0.8586956521739131,0.875
159279776,0.8478260869565217,0.8478260869565217,0.8532608695652174,0.8641304347826086
989274362,0.8043478260869565,0.8967391304347826,0.8967391304347826,0.875
910684199,0.7663043478260869,0.8369565217391305,0.8695652173913043,0.8532608695652174
236729447,0.8043478260869565,0.8913043478260869,0.8967391304347826,0.8913043478260869
1534563313,0.8369565217391305,0.8695652173913043,0.8858695652173914,0.875
1787833989,0.7989130434782609,0.8260869565217391,0.8152173913043478,0.8260869565217391
1300571525,0.7880434782608695,0.8586956521739131,0.8532608695652174,0.842391304347826
388479340,0.8152173913043478,0.8641304347826086,0.8804347826086957,0.8641304347826086
447859711,0.7880434782608695,0.8586956521739131,0.8641304347826086,0.8369565217391305
627318937,0.7934782608695652,0.8695652173913043,0.8858695652173914,0.8586956521739131
997404883,0.7771739130434783,0.8260869565217391,0.842391304347826,0.8369565217391305
920266689,0.7934782608695652,0.875,0.8858695652173914,0.8913043478260869
815143904,0.7663043478260869,0.8695652173913043,0.9021739130434783,0.8804347826086957
1677590779,0.8152173913043478,0.9021739130434783,0.9239130434782609,0.9130434782608695
619419499,0.8532608695652174,0.875,0.875,0.875
956903266,0.8532608695652174,0.8913043478260869,0.9021739130434783,0.9293478260869565
2140001075,0.7663043478260869,0.8315217391304348,0.8804347826086957,0.8641304347826086
1684706695,0.782608695652174,0.8586956521739131,0.875,0.8478260869565217
2037896791,0.8097826086956522,0.8369565217391305,0.8532608695652174,0.8641304347826086
1914052653,0.7445652173913043,0.8586956521739131,0.8641304347826086,0.8695652173913043
804688912,0.8043478260869565,0.8641304347826086,0.875,0.8695652173913043
1324994316,0.782608695652174,0.8586956521739131,0.8369565217391305,0.8478260869565217
828119452,0.782608695652174,0.8695652173913043,0.8804347826086957,0.8586956521739131
77130131,0.7717391304347826,0.842391304347826,0.8586956521739131,0.8641304347826086
365114349,0.7989130434782609,0.8478260869565217,0.8478260869565217,0.842391304347826
498312302,0.8152173913043478,0.8641304347826086,0.8804347826086957,0.8369565217391305
55949109,0.7989130434782609,0.8369565217391305,0.8478260869565217,0.8532608695652174
1160756724,0.7554347826086957,0.8804347826086957,0.8586956521739131,0.8641304347826086
1996836179,0.8206521739130435,0.8369565217391305,0.8641304347826086,0.8641304347826086
1034748232,0.7717391304347826,0.8532608695652174,0.8369565217391305,0.8315217391304348
1954471998,0.7934782608695652,0.8478260869565217,0.842391304347826,0.8478260869565217
1331835081,0.8043478260869565,0.842391304347826,0.8478260869565217,0.8260869565217391
493796208,0.7989130434782609,0.8641304347826086,0.8695652173913043,0.8695652173913043
1727129404,0.7717391304347826,0.842391304347826,0.8369565217391305,0.842391304347826
1588239690,0.7771739130434783,0.8097826086956522,0.8478260869565217,0.8260869565217391
783075799,0.8206521739130435,0.8532608695652174,0.8641304347826086,0.8641304347826086
807937774,0.782608695652174,0.8804347826086957,0.875,0.9021739130434783
4285588,0.7989130434782609,0.8641304347826086,0.8478260869565217,0.8586956521739131
1957612846,0.7989130434782609,0.8641304347826086,0.8695652173913043,0.8641304347826086
555532119,0.7771739130434783,0.842391304347826,0.8804347826086957,0.8586956521739131
1678290822,0.7663043478260869,0.8858695652173914,0.8695652173913043,0.8532608695652174
1581954807,0.7771739130434783,0.8641304347826086,0.8695652173913043,0.8804347826086957
1253382037,0.8206521739130435,0.8586956521739131,0.8967391304347826,0.8858695652173914
1604403642,0.8260869565217391,0.9184782608695652,0.907608695652174,0.8695652173913043
47096696,0.8043478260869565,0.8641304347826086,0.8695652173913043,0.8804347826086957
346934632,0.7445652173913043,0.8097826086956522,0.8152173913043478,0.8206521739130435
2127937493,0.8097826086956522,0.8586956521739131,0.8641304347826086,0.842391304347826
242472216,0.7934782608695652,0.8369565217391305,0.8586956521739131,0.875
850938950,0.782608695652174,0.9184782608695652,0.9184782608695652,0.9130434782608695
1022532191,0.8152173913043478,0.8913043478260869,0.8858695652173914,0.8695652173913043
494363095,0.7934782608695652,0.8478260869565217,0.8804347826086957,0.8532608695652174
1082128964,0.7717391304347826,0.8586956521739131,0.8804347826086957,0.8641304347826086
756119351,0.7663043478260869,0.8586956521739131,0.8695652173913043,0.8695652173913043
2009013514,0.8152173913043478,0.8858695652173914,0.8858695652173914,0.875
555992931,0.8043478260869565,0.8695652173913043,0.8913043478260869,0.8695652173913043
281060043,0.7989130434782609,0.8695652173913043,0.8641304347826086,0.875
1146655798,0.7663043478260869,0.8260869565217391,0.8369565217391305,0.842391304347826
1766270426,0.8043478260869565,0.8695652173913043,0.875,0.8858695652173914
336705009,0.782608695652174,0.8478260869565217,0.8641304347826086,0.8478260869565217
1564294630,0.7445652173913043,0.7989130434782609,0.8260869565217391,0.8260869565217391
845411061,0.7880434782608695,0.8641304347826086,0.8804347826086957,0.8641304347826086
355169934,0.7771739130434783,0.8913043478260869,0.8695652173913043,0.8804347826086957
1520814949,0.7717391304347826,0.8369565217391305,0.8695652173913043,0.8586956521739131
360939816,0.7934782608695652,0.8641304347826086,0.8695652173913043,0.8913043478260869
2121446956,0.8043478260869565,0.8315217391304348,0.875,0.8586956521739131
486724495,0.7989130434782609,0.8586956521739131,0.8913043478260869,0.8641304347826086
653640597,0.7880434782608695,0.8478260869565217,0.875,0.8641304347826086
1622355912,0.8260869565217391,0.842391304347826,0.8532608695652174,0.8641304347826086
735280853,0.7608695652173914,0.8804347826086957,0.8967391304347826,0.8858695652173914
1309105810,0.8097826086956522,0.8369565217391305,0.8641304347826086,0.8586956521739131
262256801,0.8097826086956522,0.8315217391304348,0.8586956521739131,0.8532608695652174
1196626968,0.7989130434782609,0.8641304347826086,0.8804347826086957,0.8695652173913043
1727603511,0.782608695652174,0.8315217391304348,0.8532608695652174,0.8532608695652174
328647659,0.782608695652174,0.7934782608695652,0.8478260869565217,0.8152173913043478
305584278,0.7554347826086957,0.8695652173913043,0.8913043478260869,0.8913043478260869
778766448,0.782608695652174,0.8315217391304348,0.8586956521739131,0.8532608695652174
236546543,0.8097826086956522,0.8478260869565217,0.875,0.8695652173913043
784075577,0.8260869565217391,0.8967391304347826,0.8967391304347826,0.8913043478260869
1369367326,0.8152173913043478,0.8695652173913043,0.8695652173913043,0.8695652173913043
2042934959,0.782608695652174,0.8858695652173914,0.8532608695652174,0.8586956521739131
1497458815,0.7934782608695652,0.875,0.8913043478260869,0.8804347826086957
2063547538,0.8043478260869565,0.875,0.8967391304347826,0.8913043478260869
1593058516,0.7717391304347826,0.8804347826086957,0.8206521739130435,0.8532608695652174
1556593660,0.8152173913043478,0.8913043478260869,0.8967391304347826,0.8913043478260869
1582609970,0.8152173913043478,0.875,0.8641304347826086,0.875
430110679,0.8260869565217391,0.875,0.8641304347826086,0.8532608695652174
527374511,0.7771739130434783,0.8695652173913043,0.8478260869565217,0.8586956521739131
1748567602,0.8043478260869565,0.8913043478260869,0.8858695652173914,0.9021739130434783
953877109,0.7989130434782609,0.8858695652173914,0.9021739130434783,0.8967391304347826
839521879,0.8206521739130435,0.8532608695652174,0.875,0.8532608695652174
1026494031,0.8315217391304348,0.8641304347826086,0.8641304347826086,0.8804347826086957
514642807,0.7771739130434783,0.8695652173913043,0.8695652173913043,0.8695652173913043
1132877136,0.7934782608695652,0.8695652173913043,0.8641304347826086,0.8478260869565217
802566323,0.8043478260869565,0.8586956521739131,0.875,0.8532608695652174
2006837469,0.7934782608695652,0.8695652173913043,0.8858695652173914,0.8532608695652174
1533569987,0.7771739130434783,0.875,0.8315217391304348,0.8695652173913043
1396119977,0.7663043478260869,0.8532608695652174,0.8586956521739131,0.875
889799492,0.8315217391304348,0.8586956521739131,0.8695652173913043,0.8641304347826086
442529920,0.8369565217391305,0.842391304347826,0.8641304347826086,0.8695652173913043
1980156541,0.75,0.8804347826086957,0.875,0.8695652173913043
19464815,0.8043478260869565,0.9130434782608695,0.8967391304347826,0.8695652173913043
1732931615,0.8152173913043478,0.8478260869565217,0.8695652173913043,0.8532608695652174
1987691257,0.8532608695652174,0.8695652173913043,0.8695652173913043,0.875
551909294,0.782608695652174,0.8967391304347826,0.8913043478260869,0.8858695652173914
2064579328,0.7989130434782609,0.8913043478260869,0.8641304347826086,0.8858695652173914
1359199294,0.8315217391304348,0.9184782608695652,0.907608695652174,0.9130434782608695
848738998,0.782608695652174,0.8641304347826086,0.8858695652173914,0.8641304347826086
1051594165,0.7445652173913043,0.8478260869565217,0.842391304347826,0.8586956521739131
676779616,0.782608695652174,0.875,0.8858695652173914,0.8913043478260869
723410267,0.8043478260869565,0.8641304347826086,0.8804347826086957,0.8967391304347826
2109574589,0.7663043478260869,0.8260869565217391,0.8478260869565217,0.842391304347826
2095548556,0.75,0.8478260869565217,0.842391304347826,0.8532608695652174
673770326,0.842391304347826,0.8586956521739131,0.8804347826086957,0.8858695652173914
300814531,0.7771739130434783,0.842391304347826,0.8532608695652174,0.8532608695652174
264688742,0.7445652173913043,0.8369565217391305,0.842391304347826,0.8369565217391305
1663380510,0.7663043478260869,0.8097826086956522,0.8152173913043478,0.7880434782608695
651554931,0.8641304347826086,0.8586956521739131,0.8641304347826086,0.8641304347826086
1470229140,0.7934782608695652,0.875,0.8695652173913043,0.8641304347826086
807109979,0.7445652173913043,0.8206521739130435,0.8206521739130435,0.8260869565217391
1250609537,0.8315217391304348,0.8532608695652174,0.8804347826086957,0.8913043478260869
776571559,0.7934782608695652,0.8858695652173914,0.8858695652173914,0.8858695652173914
856801804,0.7989130434782609,0.8532608695652174,0.8369565217391305,0.8478260869565217
